"","rules","support","confidence","lift","laplace"
"1","{petallength=[-Inf;2.45]} => {class=Iris-setosa}",0.333333333333333,1,3,0.958333333333333
"2","{petallength=(4.85; Inf],petalwidth=(1.75; Inf]} => {class=Iris-virginica}",0.296296296296296,1,3,0.953488372093023
"3","{petallength=(2.45;4.85],petalwidth=(0.8;1.75]} => {class=Iris-versicolor}",0.303703703703704,0.976190476190476,2.92857142857143,0.933333333333333
"4","{petalwidth=(1.75; Inf]} => {class=Iris-virginica}",0.303703703703704,0.976190476190476,2.92857142857143,0.933333333333333
"5","{petallength=(2.45;4.85]} => {class=Iris-versicolor}",0.311111111111111,0.954545454545454,2.86363636363636,0.914893617021277
"6","{petallength=(4.85; Inf]} => {class=Iris-virginica}",0.318518518518519,0.934782608695652,2.80434782608696,0.897959183673469
"7","{petalwidth=(0.8;1.75]} => {class=Iris-versicolor}",0.325925925925926,0.916666666666667,2.75,0.882352941176471
"8","{} => {class=Iris-setosa}",0,0,0,0
