"","rules","support","confidence","lift","laplace"
"1","{petallength=[-Inf;2.6]} => {class=Iris-setosa}",0.333333333333333,1,3,0.958333333333333
"2","{petallength=(2.6;4.75],petalwidth=(0.8;1.65]} => {class=Iris-versicolor}",0.296296296296296,1,3,0.953488372093023
"3","{sepallength=(6.15; Inf],petalwidth=(1.65; Inf]} => {class=Iris-virginica}",0.244444444444444,1,3,0.944444444444444
"4","{petalwidth=(1.65; Inf]} => {class=Iris-virginica}",0.303703703703704,0.976190476190476,2.92857142857143,0.933333333333333
"5","{petallength=(2.6;4.75]} => {class=Iris-versicolor}",0.296296296296296,0.975609756097561,2.92682926829268,0.931818181818182
"6","{petalwidth=(0.8;1.65]} => {class=Iris-versicolor}",0.325925925925926,0.916666666666667,2.75,0.882352941176471
"7","{petallength=(4.75; Inf]} => {class=Iris-virginica}",0.325925925925926,0.897959183673469,2.69387755102041,0.865384615384615
"8","{} => {class=Iris-setosa}",0,0,0,0
