"","rules","support","confidence","lift","laplace"
"1","{wage.increase.first.year=(2.9; Inf],longterm.disability.assistance=} => {class=good}",0.372549019607843,1,1.54545454545455,0.952380952380952
"2","{pension=,education.allowance=} => {class=good}",0.333333333333333,1,1.54545454545455,0.947368421052632
"3","{contribution.to.dental.plan=full} => {class=good}",0.254901960784314,1,1.54545454545455,0.933333333333333
"4","{pension=none} => {class=bad}",0.196078431372549,1,2.83333333333333,0.916666666666667
"5","{longterm.disability.assistance=no} => {class=bad}",0.137254901960784,1,2.83333333333333,0.888888888888889
"6","{vacation=} => {class=good}",0.117647058823529,1,1.54545454545455,0.875
"7","{wage.increase.first.year=[-Inf;2.9]} => {class=bad}",0.235294117647059,0.923076923076923,2.61538461538462,0.866666666666667
"8","{} => {class=good}",0,0,0,0
