"","rules","support","confidence","orderedConf","orderedSupp"
"1","{X8=1,X9=1,X14=[-0.993;Inf]} => {Y=1}",0.167741939425468,0.981132090091705,0.981132075471698,104
"2","{X5=[0.230769;Inf],X8=1,X13=[-Inf;-0.84]} => {Y=1}",0.143548384308815,0.97802197933197,0.983050847457627,58
"3","{X5=[0.230769;Inf],X8=1,X11=-1} => {Y=1}",0.114516131579876,0.959459483623505,0.923076923076923,12
"4","{X4=[0;Inf],X8=1,X13=[-Inf;-0.901]} => {Y=1}",0.164516136050224,0.9532710313797,0.892857142857143,25
"5","{X3=[-0.910714;Inf],X8=1,X9=1} => {Y=1}",0.25,0.950920224189758,0.821428571428571,23
"6","{X4=[0;Inf],X6=[0.5;Inf],X8=1} => {Y=1}",0.114516131579876,0.922077894210815,0.666666666666667,8
"7","{X5=[0.230769;Inf],X7=[-Inf;-0.33614],X8=1} => {Y=1}",0.204838708043098,0.913669049739838,0.538461538461538,7
"8","{} => {Y=-1}",0.554838716983795,0.554838716983795,0.89196675900277,322
