"","rules","support","confidence","orderedConf","orderedSupp"
"1","{X7=[-Inf;-0.932632],X10=[-0.970149;-0.910448],X13=[-Inf;-0.955]} => {Y=-1}",0.0128824478015304,1,1,8
"2","{X5=[-Inf;-0.230769],X8=-1,X14=[-Inf;-0.9498]} => {Y=-1}",0.228663444519043,0.986111104488373,0.985915492957746,140
"3","{X4=-1,X7=[-Inf;-0.897544],X8=-1} => {Y=-1}",0.0966183543205261,0.983606576919556,0.96875,31
"4","{X2=[-Inf;-0.182857],X8=-1,X9=1} => {Y=-1}",0.0853462144732475,0.981481492519379,0.96,24
"5","{X8=-1,X9=-1,X14=[-0.99766;0.022]} => {Y=-1}",0.0724637657403946,0.97826087474823,0.9375,15
"6","{X8=-1} => {Y=-1}",0.441223829984665,0.925675690174103,0.77027027027027,57
"7","{X4=-1,X5=[-Inf;-0.230769],X14=[-Inf;-0.98898]} => {Y=-1}",0.0853462144732475,0.868852436542511,0.666666666666667,14
"8","{X9=-1,X13=[-0.927;Inf],X14=[-Inf;-0.98818]} => {Y=-1}",0.336553931236267,0.819607853889465,0.578125,37
"9","{} => {Y=1}",0.444444447755814,0.444444447755814,0.920502092050209,220
