"","rules","support","confidence","orderedConf","orderedSupp"
"1","{X1=1,X8=1,X14=[-0.99112;Inf]} => {Y=1}",0.115942031145096,1,1,72
"2","{X8=1,X9=1,X14=[-0.993;Inf]} => {Y=1}",0.167471826076508,0.981132090091705,0.954545454545455,42
"3","{X4=[0;Inf],X8=1,X13=[-Inf;-0.901]} => {Y=1}",0.165861517190933,0.94495415687561,0.918032786885246,56
"4","{X7=[-0.927018;Inf],X8=1,X9=1} => {Y=1}",0.233494371175766,0.941558420658112,0.818181818181818,36
"5","{X6=[0.5;Inf],X8=1,X11=-1} => {Y=1}",0.0708534643054008,0.916666686534882,0.777777777777778,14
"6","{X1=1,X10=[-0.910448;Inf],X11=1} => {Y=1}",0.077294684946537,0.905660390853882,0.666666666666667,4
"7","{X5=[0.538462;Inf],X8=1} => {Y=1}",0.159420296549797,0.883928596973419,0.631578947368421,12
"8","{} => {Y=-1}",0.555555582046509,0.555555582046509,0.887955182072829,317
