"","rules","support","confidence","orderedConf","orderedSupp"
"1","{A8=[1.04;Inf],A9=f,A10=t} => {class=-}",0.028985507786274,1,1,18
"2","{A4=y,A6=w,A11=[2;Inf]} => {class=-}",0.0016103059751913,1,1,1
"3","{A8=[-Inf;1.46],A9=f,A13=g} => {class=-}",0.312399357557297,0.96517413854599,0.965,193
"4","{A9=f} => {class=-}",0.449275374412537,0.930000007152557,0.829268292682927,68
"5","{A1=b,A6=aa,A10=f} => {class=-}",0.032206118106842,0.909090936183929,0.8,8
"6","{A8=[-Inf;1.665],A10=f,A13=s} => {class=-}",0.0386473424732685,0.888888895511627,0.777777777777778,7
"7","{} => {class=+}",0.444444447755814,0.444444447755814,0.833887043189369,251
