"","rules","support","confidence","orderedConf","orderedSupp"
"1","{A8=[1.04;Inf],A9=f,A10=t} => {class=-}",0.0273311901837587,1,1,17
"2","{A4=y,A6=i} => {class=-}",0.0160771701484919,1,1,10
"3","{A6=c,A13=p} => {class=-}",0.00160771701484919,1,1,1
"4","{A8=[-Inf;1.46],A9=f,A13=g} => {class=-}",0.307073950767517,0.964646458625793,0.963541666666667,185
"5","{A6=ff,A15=[-Inf;1391]} => {class=-}",0.0675241127610207,0.954545438289642,0.857142857142857,12
"6","{A9=f} => {class=-}",0.446945339441299,0.92976588010788,0.813333333333333,61
"7","{A4=y,A10=f,A14=[-Inf;152]} => {class=-}",0.0627009645104408,0.928571403026581,0.666666666666667,6
"8","{A6=i,A8=[-Inf;2.165]} => {class=-}",0.0530546605587006,0.916666686534882,0.625,5
"9","{} => {class=+}",0.445337623357773,0.445337623357773,0.837837837837838,248
