dataset,accuracy,rules,antlength,buildtime
kdd10000_,0.7888,15.7,3.532479089537913,295.8855007171631
kdd20000_,0.7799,16.4,3.252254273074706,333.29271335601806
kdd30000_,0.7859,16.7,3.2573531860296563,400.00952367782594
kdd40000_,0.786525,16.1,3.3113513963937975,319.84087703228
kdd50000_,0.78464,14.7,3.5582772864390506,415.31968944072725
