dataset,accuracy,rules,antlength,buildtime
kdd1000_,0.784,2,0.5,0.775
kdd10000_,0.7891,2,1.5,43.617
kdd20000_,0.78005,2,1.25,77.896
kdd30000_,0.7859,3,1.33333333333333,138.715
kdd40000_,0.786625,2,1,486.683
