"","rules","support","confidence","orderedConf","orderedSupp"
"1","{X4=-1,X7=[-Inf;-0.897544],X8=-1} => {Y=-1}",0.0964630246162415,1,1,60
"2","{X5=[-Inf;0.076923],X8=1,X9=1,X14=[-0.99558;Inf]} => {Y=1}",0.0964630246162415,1,1,60
"3","{X6=[-1;-0.75],X8=-1} => {Y=-1}",0.0691318362951279,1,1,30
"4","{X1=-1,X5=[-Inf;0.384615],X8=-1} => {Y=-1}",0.123794212937355,0.987179458141327,0.978723404255319,46
"5","{X8=1,X9=1,X14=[-0.99558;Inf]} => {Y=1}",0.18971061706543,0.975206613540649,0.950819672131147,58
"6","{X8=1,X14=[-0.99544;Inf]} => {Y=1}",0.220257237553596,0.958041965961456,0.869565217391304,20
"7","{X8=-1} => {Y=-1}",0.440514475107193,0.941580772399902,0.896103896103896,138
"8","{X8=1,X9=1} => {Y=1}",0.307073950767517,0.918269217014313,0.839080459770115,73
"9","{} => {Y=-1}",0.55466240644455,0.55466240644455,0.51,51
