"","rules","support","confidence","orderedConf","orderedSupp"
"1","{X1=-1,X2=[-Inf;0.676692],X5=[-Inf;0.384615],X8=-1} => {Y=-1}",0.127214163541794,1,1,79
"2","{X5=[-Inf;0.230769],X8=-1,X9=1} => {Y=-1}",0.0917874425649643,1,1,35
"3","{X4=-1,X7=[-Inf;-0.897544],X8=-1} => {Y=-1}",0.0966183543205261,0.983606576919556,0.975609756097561,40
"4","{X8=-1} => {Y=-1}",0.436392903327942,0.934482753276825,0.866666666666667,117
"5","{} => {Y=1}",0.444444447755814,0.444444447755814,0.776435045317221,257
