"","rules","support","confidence","orderedConf","orderedSupp"
"1","{X5=[-Inf;0.230769],X8=-1,X9=1} => {Y=-1}",0.0854838714003563,1,1,53
"2","{X1=-1,X8=-1,X13=[-Inf;-0.837]} => {Y=-1}",0.0709677413105965,1,1,36
"3","{X4=-1,X7=[-Inf;-0.897544],X8=-1} => {Y=-1}",0.0951612889766693,0.983333349227905,0.977272727272727,43
"4","{X8=-1} => {Y=-1}",0.443548381328583,0.92592591047287,0.871951219512195,143
"5","{} => {Y=1}",0.445161283016205,0.445161283016205,0.786377708978328,254
