"","rules","support","confidence","orderedConf","orderedSupp"
"1","{X5=[-Inf;0.076923],X8=1,X9=1,X14=[-0.99558;Inf]} => {Y=1}",0.0964630246162415,1,1,60
"2","{X8=1,X9=1,X14=[-0.99558;Inf]} => {Y=1}",0.18971061706543,0.975206613540649,0.950819672131147,58
"3","{X8=1,X14=[-0.99544;Inf]} => {Y=1}",0.220257237553596,0.958041965961456,0.869565217391304,20
"4","{X8=1,X9=1} => {Y=1}",0.307073950767517,0.918269217014313,0.839080459770115,73
"5","{} => {Y=-1}",0.55466240644455,0.55466240644455,0.831202046035806,325
