"","rules","support","confidence","orderedConf","orderedSupp"
"1","{X5=[-Inf;-0.230769],X7=[-Inf;-0.897544],X8=-1,X14=[-Inf;-0.9498]} => {Y=-1}",0.180645167827606,1,1,112
"2","{X8=-1,X9=1} => {Y=-1}",0.098387099802494,0.983870983123779,0.977272727272727,43
"3","{X5=[-Inf;-0.230769],X8=-1} => {Y=-1}",0.232258066534996,0.972972989082336,0.866666666666667,26
"4","{X8=-1} => {Y=-1}",0.453225821256638,0.927392721176147,0.854700854700855,100
"5","{} => {Y=1}",0.445161283016205,0.445161283016205,0.801261829652997,254
