"","rules","support","confidence","orderedConf","orderedSupp"
"1","{X1=-1,X2=[-Inf;0.676692],X5=[-Inf;0.384615],X8=-1} => {Y=-1}",0.127214163541794,1,1,79
"2","{X1=1,X8=1,X14=[-0.99112;Inf]} => {Y=1}",0.111111111938953,1,1,69
"3","{X5=[-Inf;0.230769],X8=-1,X9=1} => {Y=-1}",0.0917874425649643,1,1,35
"4","{X8=1,X10=[-0.910448;Inf],X13=[-Inf;-0.901]} => {Y=1}",0.107890501618385,0.985294103622437,0.980769230769231,51
"5","{X5=[0.230769;Inf],X8=1,X13=[-Inf;-0.901]} => {Y=1}",0.103059582412243,0.984615385532379,1,25
"6","{X4=-1,X7=[-Inf;-0.897544],X8=-1} => {Y=-1}",0.0966183543205261,0.983606576919556,0.975609756097561,40
"7","{X8=1,X14=[-0.99112;Inf]} => {Y=1}",0.186795487999916,0.974789917469025,0.91304347826087,21
"8","{X8=-1} => {Y=-1}",0.436392903327942,0.934482753276825,0.866666666666667,117
"9","{} => {Y=1}",0.444444447755814,0.444444447755814,0.561728395061728,91
