"","rules","support","confidence","orderedConf","orderedSupp"
"1","{X5=[-Inf;-0.076923],X8=-1,X13=[-Inf;-0.789]} => {Y=-1}",0.173633441329002,1,1,108
"2","{X1=1,X8=1,X14=[-0.99112;Inf]} => {Y=1}",0.114147908985615,1,1,71
"3","{X1=-1,X5=[-Inf;-0.076923],X8=-1} => {Y=-1}",0.0884244367480278,1,1,15
"4","{X8=1,X9=1,X14=[-0.993;Inf]} => {Y=1}",0.159163981676102,0.98019802570343,0.951219512195122,39
"5","{X8=1,X10=[-0.910448;Inf],X13=[-Inf;-0.87]} => {Y=1}",0.131832793354988,0.976190447807312,0.972972972972973,36
"6","{X5=[-Inf;-0.076923],X8=-1} => {Y=-1}",0.25241157412529,0.975155293941498,0.894736842105263,34
"7","{X8=1,X14=[-0.99112;Inf]} => {Y=1}",0.184887453913689,0.97457629442215,0.9,9
"8","{X8=-1} => {Y=-1}",0.440514475107193,0.928813576698303,0.873134328358209,117
"9","{} => {Y=1}",0.445337623357773,0.445337623357773,0.601190476190476,101
