"","rules","support","confidence","orderedConf","orderedSupp"
"1","{X5=[-Inf;-0.230769],X7=[-Inf;-0.897544],X8=-1,X14=[-Inf;-0.9498]} => {Y=-1}",0.181964576244354,1,1,113
"2","{X1=-1,X5=[-Inf;-0.076923],X8=-1} => {Y=-1}",0.0885668247938156,1,1,15
"3","{X8=-1,X9=1} => {Y=-1}",0.09017713367939,0.965517222881317,0.942857142857143,33
"4","{X4=-1,X8=-1} => {Y=-1}",0.138486310839653,0.955555558204651,0.92156862745098,47
"5","{X8=-1} => {Y=-1}",0.441223829984665,0.925675690174103,0.804878048780488,66
"6","{} => {Y=1}",0.444444447755814,0.444444447755814,0.781538461538462,254
