"","rules","support","confidence","orderedConf","orderedSupp"
"1","{X5=[-Inf;-0.230769],X7=[-Inf;-0.897544],X8=-1,X14=[-Inf;-0.9498]} => {Y=-1}",0.170692428946495,1,1,106
"2","{X4=-1,X8=-1,X11=-1} => {Y=-1}",0.0917874425649643,1,1,35
"3","{X8=-1,X9=1} => {Y=-1}",0.0917874425649643,0.982758641242981,0.974358974358974,38
"4","{X8=-1} => {Y=-1}",0.442834138870239,0.932203412055969,0.834782608695652,96
"5","{} => {Y=1}",0.444444447755814,0.444444447755814,0.785276073619632,256
