"","rules","support","confidence","orderedConf","orderedSupp"
"1","{A9=f,A10=t,A13=g,A15=[-Inf;750]} => {class=-}",0.0869565233588219,1,1,54
"2","{A4=y,A8=[-Inf;1.46],A9=f,A13=g} => {class=-}",0.0837359130382538,1,1,45
"3","{A7=ff,A9=f,A13=g} => {class=-}",0.0531400963664055,1,1,15
"4","{A6=aa,A9=f} => {class=-}",0.0370370373129845,1,1,16
"5","{A6=i,A9=f} => {class=-}",0.0531400963664055,0.970588207244873,0.961538461538462,25
"6","{A9=f} => {class=-}",0.439613521099091,0.922297298908234,0.842857142857143,118
"7","{} => {class=+}",0.444444447755814,0.444444447755814,0.778461538461538,253
