"","rules","support","confidence","orderedConf","orderedSupp"
"1","{A4=y,A8=[-Inf;1.46],A9=f,A13=g} => {class=-}",0.0903225839138031,1,1,56
"2","{A9=f,A10=t,A13=g,A15=[-Inf;750]} => {class=-}",0.0887096747756004,1,1,47
"3","{A7=ff,A9=f,A13=g} => {class=-}",0.0645161271095276,1,1,17
"4","{A6=aa,A9=f} => {class=-}",0.0370967723429203,1,1,16
"5","{A6=d,A9=f} => {class=-}",0.0290322583168745,1,1,17
"6","{A6=i,A9=f} => {class=-}",0.0548387095332146,0.971428573131561,0.962962962962963,26
"7","{A9=f} => {class=-}",0.446774184703827,0.926421403884888,0.823529411764706,98
"8","{} => {class=+}",0.445161283016205,0.445161283016205,0.791277258566978,254
