"","rules","support","confidence","orderedConf","orderedSupp"
"1","{A4=y,A8=[-Inf;1.46],A9=f,A13=g} => {class=-}",0.0900321528315544,1,1,56
"2","{A6=i,A9=f} => {class=-}",0.0530546605587006,1,1,28
"3","{A9=f,A14=[-Inf;121]} => {class=-}",0.151125401258469,0.989473700523376,0.986486486486487,73
"4","{A1=a,A9=f,A13=g} => {class=-}",0.118971064686775,0.986666679382324,0.96969696969697,32
"5","{A9=f} => {class=-}",0.440514475107193,0.938356161117554,0.841584158415842,85
"6","{} => {class=+}",0.445337623357773,0.445337623357773,0.784848484848485,259
