"","rules","support","confidence","orderedConf","orderedSupp"
"1","{A4=y,A8=[-Inf;1.46],A9=f,A13=g} => {class=-}",0.0884244367480278,1,1,55
"2","{A1=a,A9=f,A12=t,A13=g} => {class=-}",0.0498392283916473,1,1,27
"3","{A6=aa,A9=f} => {class=-}",0.0337620563805103,1,1,15
"4","{A9=f,A10=t} => {class=-}",0.091639868915081,0.982758641242981,0.971428571428571,34
"5","{A7=ff,A9=f} => {class=-}",0.065916396677494,0.976190447807312,0.941176470588235,16
"6","{A6=i,A9=f} => {class=-}",0.0546623803675175,0.971428573131561,0.964285714285714,27
"7","{A9=f} => {class=-}",0.440514475107193,0.925675690174103,0.840336134453782,100
"8","{} => {class=+}",0.445337623357773,0.445337623357773,0.782208588957055,255
