"","rules","support","confidence","orderedConf","orderedSupp"
"1","{A4=y,A8=[-Inf;1.46],A9=f,A13=g} => {class=-}",0.0950080528855324,1,1,59
"2","{A9=f,A10=t,A13=g,A15=[-Inf;750]} => {class=-}",0.093397743999958,1,1,50
"3","{A6=aa,A9=f} => {class=-}",0.0338164232671261,1,1,15
"4","{A7=ff,A9=f} => {class=-}",0.0676328465342522,0.976744174957275,0.947368421052632,18
"5","{A6=i,A9=f} => {class=-}",0.0563607066869736,0.972222208976746,0.964285714285714,27
"6","{A9=f} => {class=-}",0.449275374412537,0.930000007152557,0.852713178294574,110
"7","{} => {class=+}",0.444444447755814,0.444444447755814,0.794392523364486,255
