"","rules","support","confidence","orderedConf","orderedSupp"
"1","{A4=y,A8=[-Inf;1.46],A9=f,A13=g} => {class=-}",0.0982286632061005,1,1,61
"2","{A7=ff,A9=f} => {class=-}",0.0660225450992584,1,1,29
"3","{A6=k,A9=f} => {class=-}",0.045088566839695,1,1,17
"4","{A6=aa,A9=f} => {class=-}",0.0370370373129845,1,1,20
"5","{A6=i,A9=f} => {class=-}",0.0531400963664055,0.970588207244873,0.964285714285714,27
"6","{A9=f,A14=[-Inf;121]} => {class=-}",0.151368767023087,0.969072163105011,0.94,47
"7","{A9=f} => {class=-}",0.444444447755814,0.932432413101196,0.824175824175824,75
"8","{} => {class=+}",0.444444447755814,0.444444447755814,0.787692307692308,256
