"","rules","support","confidence","orderedConf","orderedSupp"
"1","{A4=y,A8=[-Inf;1.46],A9=f} => {class=-}",0.0996784567832947,1,1,62
"2","{A7=ff,A9=f,A13=g} => {class=-}",0.0627009645104408,1,1,28
"3","{A6=k,A9=f,A15=[-Inf;2510]} => {class=-}",0.0466237924993038,1,1,18
"4","{A6=aa,A9=f} => {class=-}",0.0353697761893272,1,1,20
"5","{A6=m,A9=f} => {class=-}",0.0241157561540604,1,1,10
"6","{A6=i,A9=f} => {class=-}",0.0562700964510441,0.972222208976746,0.967741935483871,30
"7","{A9=f} => {class=-}",0.446945339441299,0.92976588010788,0.846153846153846,110
"8","{} => {class=+}",0.445337623357773,0.445337623357773,0.792569659442725,256
