"","rules","support","confidence","orderedConf","orderedSupp"
"1","{sex=0,chest=[-Inf;3],fasting_blood_sugar=0,thal=[3;6]} => {class=absent}",0.160493820905685,1,1,39
"2","{chest=[3;4],exercise_induced_angina=1,number_of_major_vessels=[1;Inf]} => {class=present}",0.164609059691429,0.97560977935791,0.975609756097561,40
"3","{age=[-Inf;57],number_of_major_vessels=0,thal=3} => {class=absent}",0.259259253740311,0.969230771064758,0.953488372093023,41
"4","{sex=0,chest=[-Inf;3]} => {class=absent}",0.193415641784668,0.959183692932129,0.777777777777778,7
"5","{slope=[2;Inf],number_of_major_vessels=[1;Inf],thal=[6;Inf]} => {class=present}",0.181069955229759,0.95652174949646,0.947368421052632,18
"6","{chest=4,oldpeak=[1.6;Inf]} => {class=present}",0.160493820905685,0.928571403026581,0.866666666666667,13
"7","{chest=[-Inf;3]} => {class=absent}",0.423868298530579,0.792307674884796,0.674418604651163,29
"8","{} => {class=present}",0.444444447755814,0.444444447755814,0.558823529411765,19
