"","rules","support","confidence","orderedConf","orderedSupp"
"1","{ASCITES=yes,VARICES=yes,ALBUMIN=[-Inf;4.4]} => {Class=DIE}",0.0500000007450581,1,1,7
"2","{SPLEEN_PALPABLE=yes,BILIRUBIN=[1.3;Inf],ALBUMIN=[-Inf;3.82204724409]} => {Class=DIE}",0.0714285746216774,0.909090936183929,0.9,9
"3","{ASCITES=yes} => {Class=DIE}",0.0928571447730064,0.722222208976746,0.444444444444444,4
"4","{PROTIME=[29;43]} => {Class=DIE}",0.0857142880558968,0.705882370471954,0.375,3
"5","{} => {Class=LIVE}",0.79285717010498,0.79285717010498,0.943396226415094,100
