dataset,accuracy,rules,antlength,buildtime
kdd1000_,0.993,5,0.8,0.733
kdd10000_,0.9958,9.2,0.890353535353535,4.189
kdd20000_,0.9973,11.8,0.915151515151515,8.929
kdd30000_,0.9964,12.6,0.92021312021312,13.359
kdd40000_,0.997725,14.6,0.931428571428571,18.775
