dataset,accuracy,rules,antlength,buildtime
kdd1000_,0.988,3,1.2,0.427
kdd10000_,0.9926,5.6,1.36190476190476,3.286
kdd20000_,0.99065,5.9,1.57916666666667,9.85
kdd30000_,0.992899999999999,7.8,1.76892857142858,30.086
kdd40000_,0.9965,6,1.83333333333333,35.25
