dataset,accuracy,rules,antlength,buildtime
kdd1000_,0.988,3,1.5,47.759
kdd10000_,0.9955,6.6,2.2547619047619,490.389
kdd20000_,0.99685,8.7,2.50472222222222,1046.027
kdd30000_,0.997633333333334,9.9,2.54517676767677,1858.26
kdd40000_,0.99875,8,2.625,2249.6
