dataset,accuracy,rules,antlength,buildtime
kdd1000_,0.987,4.2,0.76,0.57
kdd10000_,0.9884,6.8,0.852380952380952,2.846
kdd20000_,0.9921,8.9,0.886944444444445,6.796
kdd30000_,0.990633333333333,8.8,0.884722222222222,10.695
kdd40000_,0.992375,10.6,0.905454545454546,17.179
