dataset,accuracy,rules,antlength,buildtime
iris,0.8066666666666666,17.0,2.658342670401494,45.412319850921634
australian,0.5985836073559858,13.0,2.9692307692307693,37.58473563194275
anneal,0.8295802075577356,13.0,1.9384615384615387,30.404732179641723
autos,0.3669567941593113,13.8,1.957948717948718,28.47149395942688
breast-w,0.7180806578602048,18.1,2.8475462568010355,1117.5459530115127
colic,0.6414849059585901,13.0,1.9923076923076923,30.085563349723817
credit-a,0.5885007916209961,13.0,1.9615384615384617,31.194459915161133
