"","rules","support","confidence","orderedConf","orderedSupp"
"1","{src_bytes=[29;333]} => {label=1}",0.146555557847023,1,1,1319
"2","{dst_bytes=[4;2446]} => {label=1}",0.120222225785255,0.999076664447784,0.995762711864407,235
"3","{count=[-Inf;38],dst_host_srv_diff_host_rate=[0.01;0.08]} => {label=1}",0.0869999974966049,0.998724460601807,0.984126984126984,62
"4","{logged_in=1,dst_host_same_src_port_rate=[0.01;0.99],dst_host_rerror_rate=0} => {label=1}",0.0792222246527672,0.995810031890869,0.91304347826087,21
"5","{service=b'http',serror_rate=[-Inf;0.99]} => {label=1}",0.122666664421558,0.970976233482361,0.746153846153846,97
"6","{} => {label=0}",0.806999981403351,0.806999981403351,0.99958500484161,7226
