"","rules","support","confidence","orderedConf","orderedSupp"
"1","{src_bytes=[30;507]} => {label=1}",0.176666662096977,1,1,159
"2","{num_compromised=0,count=[-Inf;31]} => {label=1}",0.21111111342907,0.969387769699097,0.842105263157895,32
"3","{} => {label=0}",0.787777781486511,0.787777781486511,1,703
