"","rules","support","confidence","orderedConf","orderedSupp"
"1","{src_bytes=[29;333]} => {label=1}",0.145666673779488,1,1,1311
"2","{dst_bytes=[4;2446]} => {label=1}",0.119999997317791,0.999074935913086,0.995726495726496,233
"3","{flag=b'SF',dst_bytes=0,dst_host_diff_srv_rate=0} => {label=0}",0.578111112117767,0.998081743717194,1,5203
"4","{protocol_type=b'tcp',srv_serror_rate=[0;0.5],dst_host_rerror_rate=0} => {label=1}",0.133888885378838,0.983673453330994,0.91304347826087,84
"5","{} => {label=0}",0.806999981403351,0.806999981403351,0.949537037037037,2051
