"","rules","support","confidence","orderedConf","orderedSupp"
"1","{src_bytes=[29;333]} => {label=1}",0.145888894796371,1,1,1313
"2","{count=[-Inf;38],dst_host_srv_diff_host_rate=[0.01;0.08]} => {label=1}",0.0873333364725113,0.998729348182678,0.995192307692308,207
"3","{dst_bytes=[4;7273]} => {label=1}",0.144888892769814,0.994660556316376,0.939655172413793,109
"4","{protocol_type=b'tcp',dst_host_diff_srv_rate=[0;0.01]} => {label=1}",0.123666666448116,0.958656311035156,0.64963503649635,89
"5","{} => {label=0}",0.806999981403351,0.806999981403351,0.997370606144478,7207
