"","rules","support","confidence","orderedConf","orderedSupp"
"1","{src_bytes=[29;333]} => {label=1}",0.145666673779488,1,1,1311
"2","{dst_bytes=[17;2446]} => {label=1}",0.120333336293697,0.999077498912811,0.995726495726496,233
"3","{flag=b'SF',dst_bytes=[0;26],dst_host_diff_srv_rate=0} => {label=0}",0.578222215175629,0.99750816822052,1,5204
"4","{logged_in=1,dst_host_rerror_rate=0} => {label=1}",0.130666673183441,0.98327761888504,0.903614457831325,75
"5","{service=b'private'} => {label=0}",0.207555562257767,0.934934914112091,1,1867
"6","{count=[-Inf;38]} => {label=1}",0.188333332538605,0.92119562625885,0.719512195121951,118
"7","{} => {label=0}",0.806999981403351,0.806999981403351,1,137
