"","rules","support","confidence","orderedConf","orderedSupp"
"1","{src_bytes=[29;333]} => {label=1}",0.147222220897675,1,1,1325
"2","{dst_bytes=[4;2446]} => {label=1}",0.120444446802139,0.999078333377838,0.9957805907173,236
"3","{dst_host_srv_diff_host_rate=[0.01;0.08]} => {label=1}",0.0878888890147209,0.997477948665619,0.968253968253968,61
"4","{service=b'http',dst_host_serror_rate=0} => {label=1}",0.119000002741814,0.975409865379333,0.782258064516129,97
"5","{} => {label=0}",0.806999981403351,0.806999981403351,0.997517583781547,7233
