"","rules","support","confidence","orderedConf","orderedSupp"
"1","{src_bytes=[30;507]} => {label=1}",0.175555557012558,1,1,158
"2","{dst_host_same_src_port_rate=[0.01;0.99]} => {label=1}",0.132222220301628,0.991666674613953,0.96875,31
"3","{} => {label=0}",0.787777781486511,0.787777781486511,0.997183098591549,708
