"","rules","support","confidence","orderedConf","orderedSupp"
"1","{dst_bytes=[37;8226]} => {label=1}",0.16666667163372,1,1,150
"2","{hot=0,count=[-Inf;45],serror_rate=[0;0.22]} => {label=1}",0.209999993443489,0.974226832389832,0.891304347826087,41
"3","{} => {label=0}",0.787777781486511,0.787777781486511,1,704
