"","rules","support","confidence","orderedConf","orderedSupp"
"1","{src_bytes=[29;333]} => {label=1}",0.145888894796371,1,1,1313
"2","{dst_bytes=[4;2446]} => {label=1}",0.119222223758698,0.999068915843964,0.995744680851064,234
"3","{srv_serror_rate=[0;0.95],dst_host_srv_diff_host_rate=[0.01;0.09]} => {label=1}",0.0893333330750465,0.998757779598236,0.986842105263158,75
"4","{logged_in=1,dst_host_srv_rerror_rate=0} => {label=1}",0.13177777826786,0.980165302753448,0.566037735849057,30
"5","{protocol_type=b'tcp',dst_host_diff_srv_rate=[0;0.01]} => {label=1}",0.124666668474674,0.961439609527588,0.717948717948718,84
"6","{} => {label=0}",0.806999981403351,0.806999981403351,0.999861226755482,7205
