"","rules","support","confidence","orderedConf","orderedSupp"
"1","{src_bytes=[29;333]} => {label=1}",0.144999995827675,1,1,1305
"2","{srv_serror_rate=[0;0.91],dst_host_srv_diff_host_rate=[0.01;0.08]} => {label=1}",0.0866666659712791,1,1,207
"3","{dst_bytes=[4;2446]} => {label=1}",0.120555557310581,0.999079167842865,0.98989898989899,98
"4","{protocol_type=b'icmp'} => {label=0}",0.577777802944183,0.996932506561279,1,5200
"5","{protocol_type=b'tcp',serror_rate=[-Inf;0.66],dst_host_rerror_rate=0} => {label=1}",0.133222222328186,0.983593106269836,0.62962962962963,34
"6","{} => {label=0}",0.806999981403351,0.806999981403351,0.956440281030445,2042
