"","rules","support","confidence","orderedConf","orderedSupp"
"1","{src_bytes=[29;333]} => {label=1}",0.144999995827675,1,1,1305
"2","{dst_bytes=[4;2446]} => {label=1}",0.118444442749023,0.999062776565552,0.995744680851064,234
"3","{dst_host_srv_diff_host_rate=[0.01;0.08]} => {label=1}",0.0879999995231628,0.998738944530487,0.985294117647059,67
"4","{logged_in=1,dst_host_rerror_rate=0} => {label=1}",0.131333336234093,0.982543647289276,0.622641509433962,33
"5","{protocol_type=b'tcp',dst_host_diff_srv_rate=[0;0.01]} => {label=1}",0.124666668474674,0.959794700145721,0.746153846153846,97
"6","{} => {label=0}",0.806999981403351,0.806999981403351,0.999861284505479,7208
