"","rules","support","confidence","orderedConf","orderedSupp"
"1","{service=b'http',dst_host_srv_serror_rate=[0;0.93],dst_host_srv_rerror_rate=0} => {label=1}",0.110055558383465,1,1,1981
"2","{dst_bytes=[17;2441]} => {label=1}",0.125444442033768,0.99911504983902,0.998116760828625,1060
"3","{src_bytes=[29;333],num_failed_logins=0} => {label=1}",0.15372222661972,0.998196244239807,0.984615384615385,256
"4","{dst_bytes=[2463;8313],srv_serror_rate=[0;0.33]} => {label=1}",0.0285555552691221,0.990366101264954,0.615384615384615,8
"5","{service=b'http',diff_srv_rate=[-Inf;0.05]} => {label=1}",0.126555562019348,0.96730363368988,0.726937269372694,197
"6","{protocol_type=b'tcp',flag=b'SF',is_guest_login=0} => {label=1}",0.145055562257767,0.963824272155762,0.85,119
"7","{} => {label=0}",0.798500001430511,0.798500001430511,0.999579625867022,14267
