"","rules","support","confidence","orderedConf","orderedSupp"
"1","{service=b'http',dst_host_diff_srv_rate=[0;0.02],dst_host_rerror_rate=0} => {label=1}",0.110444441437721,1,1,1988
"2","{dst_bytes=[17;2442],num_failed_logins=0} => {label=1}",0.124722220003605,0.999554753303528,0.999048525214082,1050
"3","{same_srv_rate=[-Inf;0.19]} => {label=0}",0.217944443225861,0.999490439891815,1,3923
"4","{src_bytes=[29;333]} => {label=1}",0.153611108660698,0.997834742069244,0.980916030534351,257
"5","{protocol_type=b'icmp'} => {label=0}",0.564999997615814,0.99462103843689,1,10170
"6","{service=b'http',dst_host_srv_serror_rate=0} => {label=1}",0.119888886809349,0.974266350269318,0.78125,200
"7","{duration=0,protocol_type=b'tcp',flag=b'SF'} => {label=1}",0.133277773857117,0.965004026889801,0.767123287671233,112
"8","{} => {label=0}",0.798500001430511,0.798500001430511,0.901960784313726,184
