"","rules","support","confidence","orderedConf","orderedSupp"
"1","{service=b'http',dst_host_diff_srv_rate=[0;0.02],dst_host_rerror_rate=0} => {label=1}",0.110500000417233,1,1,1989
"2","{dst_bytes=[17;2442]} => {label=1}",0.124833330512047,0.998666644096375,0.997134670487106,1044
"3","{src_bytes=[29;333]} => {label=1}",0.153444439172745,0.997832357883453,0.988095238095238,249
"4","{service=b'http',serror_rate=[-Inf;0.87]} => {label=1}",0.126611113548279,0.967317461967468,0.729824561403509,208
"5","{protocol_type=b'tcp',flag=b'SF'} => {label=1}",0.145333334803581,0.961411237716675,0.807453416149068,130
"6","{} => {label=0}",0.798500001430511,0.798500001430511,0.999509322865554,14259
