"","rules","support","confidence","orderedConf","orderedSupp"
"1","{flag=b'SF',dst_bytes=[17;2442]} => {label=1}",0.125277772545815,0.999556720256805,0.999556737588652,2255
"2","{flag=b'SF',protocol_type=b'tcp',dst_host_srv_diff_host_rate=[0.01;0.1]} => {label=1}",0.0874999985098839,0.998731791973114,0.996840442338073,631
"3","{src_bytes=[29;333]} => {label=1}",0.153500005602837,0.997833132743835,0.989406779661017,467
"4","{} => {label=0}",0.798500001430511,0.798500001430511,0.981282874513286,14365
