"","rules","support","confidence","orderedConf","orderedSupp"
"1","{flag=b'SF',dst_bytes=[17;2442]} => {label=1}",0.125388890504837,0.999557137489319,0.99955713020372,2257
"2","{serror_rate=[-Inf;0.99],dst_host_srv_diff_host_rate=[0.01;0.1]} => {label=1}",0.091888889670372,0.998189508914948,0.995652173913044,687
"3","{src_bytes=[29;333]} => {label=1}",0.153388887643814,0.99747109413147,0.986725663716814,446
"4","{} => {label=0}",0.798500001430511,0.798500001430511,0.983767123287671,14363
