"","rules","support","confidence","orderedConf","orderedSupp"
"1","{dst_bytes=[1;2442],num_failed_logins=0} => {label=1}",0.124777778983116,0.999110341072083,0.999110320284697,2246
"2","{flag=b'SF',src_bytes=[29;333]} => {label=1}",0.154111117124557,0.99820077419281,0.995987963891675,993
"3","{srv_serror_rate=[0;0.5],dst_host_same_src_port_rate=[0;0.03],dst_host_srv_rerror_rate=0} => {label=1}",0.127666667103767,0.995236039161682,0.792452830188679,42
"4","{service=b'http',serror_rate=[-Inf;0.87]} => {label=1}",0.127833336591721,0.967619836330414,0.74247491638796,222
"5","{flag=b'SF',protocol_type=b'tcp'} => {label=1}",0.145611107349396,0.960777103900909,0.843971631205674,119
"6","{} => {label=0}",0.798500001430511,0.798500001430511,0.999649418033936,14257
