"","rules","support","confidence","orderedConf","orderedSupp"
"1","{service=b'http',srv_serror_rate=[0;0.5],dst_host_srv_rerror_rate=0} => {label=1}",0.108388885855675,1,1,1951
"2","{dst_bytes=[17;2442]} => {label=1}",0.124833330512047,0.999110698699951,0.998129092609916,1067
"3","{flag=b'SF',src_bytes=[29;333]} => {label=1}",0.152222216129303,0.998542249202728,0.988461538461539,257
"4","{logged_in=1,dst_host_srv_diff_host_rate=[0.01;0.1]} => {label=1}",0.0874999985098839,0.998098850250244,0.957746478873239,68
"5","{service=b'http',diff_srv_rate=[-Inf;0.05]} => {label=1}",0.12555555999279,0.967051804065704,0.731707317073171,210
"6","{flag=b'SF',protocol_type=b'tcp'} => {label=1}",0.144500002264977,0.959778606891632,0.680412371134021,66
"7","{} => {label=0}",0.798500001430511,0.798500001430511,0.99943918682089,14257
