"","rules","support","confidence","orderedConf","orderedSupp"
"1","{service=b'http',flag=b'SF',dst_host_rerror_rate=0} => {label=1}",0.109888888895512,1,1,1978
"2","{dst_bytes=[17;2442]} => {label=1}",0.123888887465,0.998656511306763,0.997142857142857,1047
"3","{src_bytes=[29;333]} => {label=1}",0.152666673064232,0.997459173202515,0.984555984555985,255
"4","{protocol_type=b'icmp'} => {label=0}",0.565055549144745,0.994427084922791,1,10171
"5","{service=b'http',diff_srv_rate=[-Inf;0.05]} => {label=1}",0.126333326101303,0.967659592628479,0.738831615120275,215
"6","{flag=b'SF',protocol_type=b'tcp'} => {label=1}",0.144555553793907,0.960502028465271,0.793548387096774,123
"7","{} => {label=0}",0.798500001430511,0.798500001430511,0.997802734375,4087
