"","rules","support","confidence","orderedConf","orderedSupp"
"1","{flag=b'SF',dst_bytes=[17;2442]} => {label=1}",0.123166665434837,1,1,2217
"2","{src_bytes=[29;333],dst_host_srv_serror_rate=[0;0.01]} => {label=1}",0.152500003576279,0.998908281326294,0.997011952191235,1001
"3","{dst_host_srv_diff_host_rate=[0.01;0.07]} => {label=1}",0.0898888856172562,0.996919274330139,0.967320261437909,148
"4","{} => {label=0}",0.798500001430511,0.798500001430511,0.982155066320252,14365
