"","rules","support","confidence","orderedConf","orderedSupp"
"1","{service=b'http',flag=b'SF',dst_host_srv_rerror_rate=0} => {label=1}",0.109499998390675,1,1,1971
"2","{dst_bytes=[17;2442],num_failed_logins=0} => {label=1}",0.125222221016884,0.999556541442871,0.99906103286385,1064
"3","{num_failed_logins=0,src_bytes=[29;333]} => {label=1}",0.153999999165535,0.99819952249527,0.984615384615385,256
"4","{service=b'http',dst_host_srv_serror_rate=0} => {label=1}",0.119666665792465,0.974219799041748,0.778210116731518,200
"5","{flag=b'SF',protocol_type=b'tcp'} => {label=1}",0.144611105322838,0.960516631603241,0.71264367816092,124
"6","{} => {label=0}",0.798500001430511,0.798500001430511,0.999159251734043,14261
