"","rules","support","confidence","orderedConf","orderedSupp"
"1","{dst_host_diff_srv_rate=0,dst_host_same_src_port_rate=[0;0.03],dst_host_rerror_rate=0} => {label=1}",0.0794074088335037,1,1,2144
"2","{flag=b'SF',dst_bytes=[4;1197]} => {label=1}",0.0975555554032326,0.999620497226715,0.999390986601705,1641
"3","{src_bytes=[29;333],root_shell=0} => {label=1}",0.14840741455555,0.998256087303162,0.993006993006993,994
"4","{protocol_type=b'icmp'} => {label=0}",0.572333335876465,0.995362341403961,1,15453
"5","{service=b'http',diff_srv_rate=[-Inf;0.38],dst_host_serror_rate=0} => {label=1}",0.120666667819023,0.971667170524597,0.764267990074442,308
"6","{src_bytes=[-Inf;1]} => {label=0}",0.222555562853813,0.953809499740601,0.998172757475083,6009
"7","{duration=0,service=b'private'} => {label=0}",0.209555551409721,0.941430926322937,1,60
"8","{dst_host_diff_srv_rate=0} => {label=0}",0.577333331108093,0.820205211639404,0.910714285714286,51
"9","{} => {label=1}",0.196333333849907,0.196333333849907,0.895927601809955,198
