"","rules","support","confidence","orderedConf","orderedSupp"
"1","{duration=[0;3],wrong_fragment=0,dst_host_srv_diff_host_rate=[0.01;0.1]} => {label=1}",0.0887037068605423,0.998748958110809,0.998748957464554,2395
"2","{dst_bytes=[4;1197]} => {label=1}",0.096888892352581,0.998473286628723,0.997515527950311,1606
"3","{src_bytes=[29;333],num_file_creations=[0;2]} => {label=1}",0.148370370268822,0.998006999492645,0.994675186368477,934
"4","{flag=b'SF',dst_bytes=0,dst_host_diff_srv_rate=0} => {label=0}",0.572333335876465,0.996646225452423,0.999935283458452,15451
"5","{srv_serror_rate=[0;0.19],service=b'http'} => {label=1}",0.125481486320496,0.96661913394928,0.694516971279373,266
"6","{} => {label=0}",0.803629636764526,0.803629636764526,0.983917658411065,6118
