"","rules","support","confidence","orderedConf","orderedSupp"
"1","{flag=b'SF',dst_bytes=[4;1197]} => {label=1}",0.096888892352581,0.999617874622345,0.99961788307222,2616
"2","{src_bytes=[29;333],root_shell=0} => {label=1}",0.147481486201286,0.998245179653168,0.996583699365544,2042
"3","{service=b'http',logged_in=1,dst_host_rerror_rate=0} => {label=1}",0.109555557370186,0.997639119625092,0.951388888888889,137
"4","{protocol_type=b'icmp'} => {label=0}",0.572148144245148,0.994848012924194,1,15448
"5","{service=b'http',serror_rate=[-Inf;0.83]} => {label=1}",0.126148149371147,0.966241121292114,0.724815724815725,295
"6","{duration=0,serror_rate=[-Inf;0.99],dst_host_count=[3;254]} => {label=1}",0.0975185185670853,0.964115679264069,0.785365853658537,161
"7","{src_bytes=[-Inf;1]} => {label=0}",0.222666665911674,0.953075468540192,0.999666666666667,5998
"8","{service=b'private'} => {label=0}",0.210222229361534,0.932172775268555,1,42
"9","{} => {label=1}",0.196370363235474,0.196370363235474,0.556818181818182,49
