"","rules","support","confidence","orderedConf","orderedSupp"
"1","{dst_host_srv_rerror_rate=0,dst_host_diff_srv_rate=0,dst_host_same_src_port_rate=[0;0.01]} => {label=1}",0.0645555555820465,1,1,1743
"2","{diff_srv_rate=[0.04;0.19]} => {label=0}",0.215074077248573,0.999827802181244,0.99982782369146,5807
"3","{dst_bytes=[4;2071],dst_host_srv_rerror_rate=[0;0.09]} => {label=1}",0.115370370447636,0.998717546463013,0.99799899949975,1995
"4","{duration=[0;70],src_bytes=[29;333]} => {label=1}",0.139555558562279,0.998410165309906,0.994230769230769,1034
"5","{protocol_type=b'icmp',diff_srv_rate=[-Inf;0.19]} => {label=0}",0.572148144245148,0.996773779392242,1,15447
"6","{is_guest_login=0,wrong_fragment=0,dst_host_count=[3;254]} => {label=1}",0.10811111330986,0.968159198760986,0.845995893223819,412
"7","{service=b'http',srv_serror_rate=[0;0.19]} => {label=1}",0.125629633665085,0.966657161712646,0.512658227848101,81
"8","{} => {label=0}",0.803629636764526,0.803629636764526,0.886792452830189,282
