"","rules","support","confidence","orderedConf","orderedSupp"
"1","{dst_host_diff_srv_rate=0,dst_host_same_src_port_rate=[0;0.01],dst_host_srv_rerror_rate=0} => {label=1}",0.0647407397627831,1,1,1748
"2","{wrong_fragment=0,serror_rate=[-Inf;0.99],dst_host_srv_diff_host_rate=[0.01;0.08]} => {label=1}",0.0890370383858681,0.998753607273102,0.998343456653782,1808
"3","{dst_bytes=[4;1197]} => {label=1}",0.0970000028610229,0.998094499111176,0.994969818913481,989
"4","{src_bytes=[29;333]} => {label=1}",0.148444443941116,0.997759521007538,0.986206896551724,429
"5","{protocol_type=b'icmp'} => {label=0}",0.572259247303009,0.995361745357513,1,15451
"6","{service=b'http',diff_srv_rate=[-Inf;0.06]} => {label=1}",0.126333326101303,0.966836750507355,0.667613636363636,235
"7","{src_bytes=[-Inf;1],logged_in=0} => {label=0}",0.222518518567085,0.953196883201599,0.9988358556461,6006
"8","{duration=0,service=b'private'} => {label=0}",0.209111109375954,0.942099094390869,1,59
"9","{} => {label=1}",0.196370363235474,0.196370363235474,0.627737226277372,86
