"","rules","support","confidence","orderedConf","orderedSupp"
"1","{flag=b'SF',dst_bytes=[4;1197]} => {label=1}",0.0969259291887283,0.999618053436279,0.999618029029794,2617
"2","{flag=b'SF',src_bytes=[29;333],root_shell=0} => {label=1}",0.14840741455555,0.998753726482391,0.99755859375,2043
"3","{service=b'http',logged_in=1,dst_host_rerror_rate=0} => {label=1}",0.10977777838707,0.997979819774628,0.959183673469388,141
"4","{diff_srv_rate=[-Inf;0.09],dst_host_srv_diff_host_rate=[0.01;0.08]} => {label=1}",0.0883703678846359,0.997074782848358,0.95906432748538,164
"5","{protocol_type=b'icmp'} => {label=0}",0.572259247303009,0.994977116584778,1,15447
"6","{diff_srv_rate=[-Inf;0.06],service=b'http'} => {label=1}",0.126333326101303,0.967110872268677,0.682080924855491,236
"7","{src_bytes=[-Inf;1]} => {label=0}",0.222666665911674,0.952924370765686,0.998670875560724,6011
"8","{service=b'private'} => {label=0}",0.209777772426605,0.931732177734375,1,60
"9","{} => {label=1}",0.196370363235474,0.196370363235474,0.645833333333333,93
