"","rules","support","confidence","orderedConf","orderedSupp"
"1","{dst_bytes=[4;1197],dst_host_srv_serror_rate=[0;0.03]} => {label=1}",0.096888892352581,0.999236047267914,0.999236058059587,2616
"2","{flag=b'SF',src_bytes=[29;333]} => {label=1}",0.14811110496521,0.998501896858215,0.99708313077297,2051
"3","{service=b'http',num_compromised=0,diff_srv_rate=[-Inf;0.06]} => {label=1}",0.125740736722946,0.998235821723938,0.986078886310905,425
"4","{logged_in=1,is_guest_login=0} => {label=1}",0.142000004649162,0.961143136024475,0.523026315789474,159
"5","{protocol_type=b'tcp',flag=b'SF',num_file_creations=[0;2]} => {label=1}",0.144888892769814,0.959293782711029,0.681159420289855,47
"6","{} => {label=0}",0.803629636764526,0.803629636764526,0.9998141350309,21517
