"","rules","support","confidence","orderedConf","orderedSupp"
"1","{dst_bytes=[4;1197]} => {label=1}",0.0971481502056122,0.99809741973877,0.998097412480974,2623
"2","{src_bytes=[29;333]} => {label=1}",0.148666664958,0.997762858867645,0.997084548104956,2052
"3","{service=b'http',dst_host_diff_srv_rate=[0;0.01],dst_host_srv_rerror_rate=0} => {label=1}",0.107333332300186,0.997247099876404,0.944055944055944,135
"4","{protocol_type=b'tcp',flag=b'SF',dst_host_rerror_rate=0} => {label=1}",0.136333331465721,0.985014736652374,0.811965811965812,190
"5","{srv_serror_rate=[0;0.19],service=b'http'} => {label=1}",0.124925926327705,0.966198801994324,0.718670076726343,281
"6","{logged_in=1,num_file_creations=[0;2]} => {label=1}",0.142222225666046,0.957367241382599,0.62962962962963,17
"7","{} => {label=0}",0.803629636764526,0.803629636764526,0.999814117756401,21515
