"","rules","support","confidence","orderedConf","orderedSupp"
"1","{X1=1,X8=1,X14=[-0.99112;Inf]} => {Y=1}",0.110932476818562,1,1,69
"2","{} => {Y=-1}",0.55466240644455,0.55466240644455,0.623869801084991,345
