"","rules","support","confidence","orderedConf","orderedSupp"
"1","{X5=[-Inf;-0.076923],X7=[-Inf;-0.765965],X8=-1,X3=[-Inf;1],X4=0} => {Y=-1}",0.159163981676102,1,1,99
"2","{X5=[-Inf;-0.076923],X7=[-Inf;-0.765965],X11=-1,X8=-1} => {Y=-1}",0.139871388673782,1,1,28
"3","{X1=1,X8=1,X14=[-0.99112;Inf]} => {Y=1}",0.114147908985615,1,1,71
"4","{} => {Y=-1}",0.55466240644455,0.55466240644455,0.514150943396226,218
