"","rules","support","confidence","orderedConf","orderedSupp"
"1","{X7=[-Inf;-0.897544],X5=[-Inf;-0.230769],X14=[-Inf;-0.9498],X8=-1} => {Y=-1}",0.180645167827606,1,1,112
"2","{X7=[-Inf;-0.897544],X6=[-Inf;1],X5=[-Inf;-0.230769],X14=[-Inf;0],X8=-1,X2=[-Inf;0.024962]} => {Y=-1}",0.175806447863579,1,1,3
"3","{X5=[-Inf;-0.076923],X14=[-Inf;1],X8=-1,X12=[-Inf;Inf],X2=[-Inf;-0.16782],X4=0} => {Y=-1}",0.148387089371681,1,1,18
"4","{} => {Y=1}",0.445161283016205,0.445161283016205,0.566735112936345,276
