"","rules","support","confidence","orderedConf","orderedSupp"
"1","{X8=1,X7=[-0.927018;Inf],X14=[-0.993;Inf]} => {Y=1}",0.143548384308815,1,1,89
"2","{X8=1,X13=[-Inf;-0.883],X7=[-0.927018;Inf],X4=[0;Inf]} => {Y=1}",0.135483875870705,1,1,41
"3","{X8=1,X14=[-0.993;Inf],X10=[-0.910448;Inf]} => {Y=1}",0.132258057594299,1,1,18
"4","{} => {Y=-1}",0.554838716983795,0.554838716983795,0.728813559322034,344
