"","rules","support","confidence","orderedConf","orderedSupp"
"1","{X5=[-Inf;-0.230769],X7=[-Inf;-0.897544],X14=[-Inf;-0.94994],X8=-1} => {Y=-1}",0.167202576994896,1,1,104
"2","{X12=[-Inf;Inf],X5=[-Inf;-0.230769],X7=[-Inf;-0.897544],X14=[-Inf;0.022],X8=-1,X13=[-0.98;Inf]} => {Y=-1}",0.151125401258469,1,1,4
"3","{X5=[-Inf;-0.076923],X14=[-Inf;Inf],X8=-1,X2=[-Inf;-0.16782],X4=0} => {Y=-1}",0.144694536924362,1,1,21
"4","{X12=[-Inf;Inf],X1=1,X8=1,X14=[-0.99112;Inf]} => {Y=1}",0.110932476818562,1,1,69
"5","{X1=1,X8=1,X14=[-0.993;Inf],X7=[-0.979649;Inf]} => {Y=1}",0.107717044651508,1,1,3
"6","{} => {Y=-1}",0.55466240644455,0.55466240644455,0.513064133016627,216
