"","rules","support","confidence","orderedConf","orderedSupp"
"1","{X5=[-Inf;0.076923],X14=[-Inf;-0.9498],X3=[-0.886786;Inf],X8=-1} => {Y=-1}",0.204838708043098,1,1,127
"2","{X4=[0;Inf],X8=-1,X11=1,X7=[-Inf;-0.850877],X3=[-Inf;-0.633929]} => {Y=-1}",0.0935483872890472,1,1,39
"3","{} => {Y=1}",0.445161283016205,0.445161283016205,0.607929515418502,276
