"","rules","support","confidence","orderedConf","orderedSupp"
"1","{X5=[-Inf;-0.230769],X8=-1,X14=[-Inf;0.022],X2=[-Inf;-0.28812]} => {Y=-1}",0.181964576244354,1,1,113
"2","{X5=[-Inf;-0.230769],X7=[-Inf;-0.897544],X8=-1,X14=[-Inf;-0.9498],X10=[-Inf;0.19403]} => {Y=-1}",0.173913046717644,1,1,19
"3","{X12=[-Inf;Inf],X9=1,X1=1,X8=1,X14=[-0.99558;Inf]} => {Y=1}",0.112721413373947,1,1,70
"4","{} => {Y=-1}",0.555555582046509,0.555555582046509,0.508353221957041,213
