"","rules","support","confidence","orderedConf","orderedSupp"
"1","{X5=[-Inf;0.076923],X14=[-Inf;-0.9498],X8=-1,X3=[-0.886786;Inf]} => {Y=-1}",0.196457326412201,1,1,122
"2","{X2=[-Inf;0.676692],X5=[-Inf;0.384615],X1=-1,X8=-1} => {Y=-1}",0.127214163541794,1,1,37
"3","{X8=1,X1=1,X14=[-0.99112;Inf]} => {Y=1}",0.111111111938953,1,1,69
"4","{X2=[-Inf;-0.182857],X14=[-Inf;-0.985],X8=-1,X9=1} => {Y=-1}",0.0869565233588219,1,1,20
"5","{} => {Y=1}",0.444444447755814,0.444444447755814,0.554959785522788,207
