"","rules","support","confidence","orderedConf","orderedSupp"
"1","{X1=1,X8=1,X14=[-0.99112;Inf]} => {Y=1}",0.114147908985615,1,1,71
"2","{} => {Y=-1}",0.55466240644455,0.55466240644455,0.626134301270417,345
