"","rules","support","confidence","orderedConf","orderedSupp"
"1","{X12=[-Inf;Inf],X5=[-Inf;0.076923],X10=[-Inf;Inf],X14=[-Inf;-0.9498],X3=[-0.886786;Inf],X8=-1} => {Y=-1}",0.204838708043098,1,1,127
"2","{X1=1,X14=[-0.993;Inf],X8=1,X7=[-0.979649;Inf]} => {Y=1}",0.106451615691185,1,1,66
"3","{X14=[-0.993;Inf],X8=1,X9=1,X5=[-Inf;0.384615]} => {Y=1}",0.101612903177738,1,1,26
"4","{X2=[-Inf;Inf],X1=1,X14=[-0.99306;Inf],X8=1,X4=[0;Inf]} => {Y=1}",0.101612903177738,1,1,3
"5","{X12=[-Inf;Inf],X1=1,X14=[-0.993;Inf],X8=1,X10=[-0.970149;Inf]} => {Y=1}",0.101612903177738,1,1,1
"6","{X2=[-Inf;Inf],X4=[0;Inf],X8=-1,X11=1,X7=[-Inf;-0.850877],X3=[-Inf;-0.633929]} => {Y=-1}",0.0935483872890472,1,1,39
"7","{} => {Y=1}",0.445161283016205,0.445161283016205,0.502793296089385,180
