"","rules","support","confidence","orderedConf","orderedSupp"
"1","{X1=1,X8=1,X14=[-0.99988;Inf],X4=0,X7=[-0.927018;Inf],X6=[-1;Inf]} => {Y=1}",0.115755625069141,1,1,72
"2","{X2=[-Inf;0.894737],X9=[-1;1],X1=1,X8=1,X14=[-0.99592;Inf],X4=0} => {Y=1}",0.112540192902088,1,1,11
"3","{X8=-1,X7=[-Inf;-0.897544],X2=[-Inf;Inf],X6=[-1;Inf],X11=1,X3=[-Inf;-0.633929]} => {Y=-1}",0.0980707406997681,1,1,61
"4","{X8=-1,X7=[-Inf;-0.897544],X4=-1} => {Y=-1}",0.0964630246162415,1,1,48
"5","{X2=[-Inf;Inf],X9=1,X8=1,X14=[-0.99558;Inf],X5=[-Inf;0.076923]} => {Y=1}",0.0964630246162415,1,1,25
"6","{} => {Y=-1}",0.55466240644455,0.55466240644455,0.582716049382716,236
