"","rules","support","confidence","orderedConf","orderedSupp"
"1","{X8=1,X1=1,X14=[-0.9922;Inf]} => {Y=1}",0.119162641465664,1,1,74
"2","{} => {Y=-1}",0.555555582046509,0.555555582046509,0.630712979890311,345
