"","rules","support","confidence","orderedConf","orderedSupp"
"1","{X9=1,X1=1,X8=1,X14=[-0.99558;Inf]} => {Y=1}",0.112721413373947,1,1,70
"2","{} => {Y=-1}",0.555555582046509,0.555555582046509,0.626134301270417,345
