"","rules","support","confidence","orderedConf","orderedSupp"
"1","{X1=1,X8=1,X14=[-0.99988;Inf],X4=0,X7=[-0.927018;Inf]} => {Y=1}",0.115755625069141,1,1,72
"2","{X9=1,X1=1,X8=1,X14=[-0.99732;Inf],X4=0} => {Y=1}",0.110932476818562,1,1,8
"3","{X9=1,X8=1,X14=[-0.99558;Inf],X5=[-Inf;0.076923]} => {Y=1}",0.0964630246162415,1,1,25
"4","{} => {Y=-1}",0.55466240644455,0.55466240644455,0.667311411992263,345
