"","rules","support","confidence","orderedConf","orderedSupp"
"1","{X12=[-Inf;Inf],X1=1,X8=1,X14=[-0.99112;Inf]} => {Y=1}",0.110932476818562,1,1,69
"2","{X1=1,X8=1,X14=[-0.993;Inf],X7=[-0.979649;Inf]} => {Y=1}",0.107717044651508,1,1,3
"3","{} => {Y=-1}",0.55466240644455,0.55466240644455,0.627272727272727,345
