"","rules","support","confidence","orderedConf","orderedSupp"
"1","{X5=[-Inf;-0.230769],X7=[-Inf;-0.897544],X14=[-Inf;-0.94994],X8=-1} => {Y=-1}",0.167202576994896,1,1,104
"2","{X5=[-Inf;-0.076923],X14=[-Inf;Inf],X8=-1,X2=[-Inf;-0.16782],X4=0} => {Y=-1}",0.144694536924362,1,1,25
"3","{X1=1,X8=1,X14=[-0.99112;Inf]} => {Y=1}",0.110932476818562,1,1,69
"4","{} => {Y=-1}",0.55466240644455,0.55466240644455,0.509433962264151,216
