"","rules","support","confidence","orderedConf","orderedSupp"
"1","{X7=[-Inf;-0.897544],X5=[-Inf;-0.230769],X14=[-Inf;-0.9498],X9=[-1;1],X8=-1} => {Y=-1}",0.180645167827606,1,1,112
"2","{X7=[-Inf;-0.897544],X5=[-Inf;-0.230769],X8=-1,X3=[-Inf;-0.571429]} => {Y=-1}",0.148387089371681,1,1,3
"3","{X12=[-Inf;Inf],X8=1,X7=[-0.927018;Inf],X6=[-1;Inf],X14=[-0.993;Inf]} => {Y=1}",0.143548384308815,1,1,89
"4","{X12=[-Inf;Inf],X2=[-Inf;Inf],X8=1,X13=[-Inf;-0.883],X7=[-0.927018;Inf],X4=[0;Inf]} => {Y=1}",0.135483875870705,1,1,41
"5","{X2=[-Inf;Inf],X8=1,X14=[-0.993;Inf],X10=[-0.910448;Inf]} => {Y=1}",0.132258057594299,1,1,18
"6","{} => {Y=-1}",0.554838716983795,0.554838716983795,0.641456582633053,229
