"","rules","support","confidence","orderedConf","orderedSupp"
"1","{X7=[-Inf;-0.897544],X5=[-Inf;-0.230769],X14=[-Inf;-0.9498],X8=-1} => {Y=-1}",0.170692428946495,1,1,106
"2","{X7=[-Inf;-0.897544],X5=[-Inf;-0.230769],X8=-1,X3=[-Inf;-0.571429]} => {Y=-1}",0.144927531480789,1,1,2
"3","{} => {Y=1}",0.444444447755814,0.444444447755814,0.538011695906433,276
