"","rules","support","confidence","orderedConf","orderedSupp"
"1","{X1=1,X8=1,X14=[-0.99988;Inf],X4=0,X7=[-0.927018;Inf],X6=[-1;Inf]} => {Y=1}",0.115755625069141,1,1,72
"2","{X2=[-Inf;0.894737],X9=[-1;1],X1=1,X8=1,X14=[-0.99592;Inf],X4=0} => {Y=1}",0.112540192902088,1,1,11
"3","{X2=[-Inf;Inf],X9=1,X8=1,X14=[-0.99558;Inf],X5=[-Inf;0.076923]} => {Y=1}",0.0964630246162415,1,1,25
"4","{} => {Y=-1}",0.55466240644455,0.55466240644455,0.671206225680934,345
