"","rules","support","confidence","orderedConf","orderedSupp"
"1","{X7=[-Inf;-0.897544],X5=[-Inf;-0.230769],X14=[-Inf;-0.9498],X8=-1} => {Y=-1}",0.181964576244354,1,1,113
"2","{X7=[-Inf;-0.897544],X5=[-Inf;-0.230769],X8=-1,X3=[-Inf;-0.571429]} => {Y=-1}",0.149758458137512,1,1,3
"3","{X8=1,X1=1,X14=[-0.9922;Inf]} => {Y=1}",0.119162641465664,1,1,74
"4","{} => {Y=-1}",0.555555582046509,0.555555582046509,0.531322505800464,229
