"","rules","support","confidence","orderedConf","orderedSupp"
"1","{A14=[102;288],A9=f,A8=[-Inf;1.46],A7=v} => {class=-}",0.125603869557381,1,1,78
"2","{A14=[17;288],A9=f,A12=t} => {class=-}",0.11755233258009,1,1,47
"3","{A9=f,A13=g,A10=t} => {class=-}",0.0966183543205261,1,1,34
"4","{A9=f,A8=[-Inf;1.46],A13=g,A4=y} => {class=-}",0.093397743999958,1,1,24
"5","{A9=f,A2=[-Inf;40.92],A11=[1;Inf]} => {class=-}",0.0917874425649643,1,1,1
"6","{A9=f,A8=[-Inf;2.415],A4=y,A12=f} => {class=-}",0.0789049938321114,1,1,6
"7","{} => {class=+}",0.444444447755814,0.444444447755814,0.640371229698376,276
