"","rules","support","confidence","orderedConf","orderedSupp"
"1","{A9=f,A15=[-Inf;2510],A14=[-Inf;121]} => {class=-}",0.146302253007889,1,1,91
"2","{A9=f,A14=[-Inf;121],A2=[-Inf;47.83]} => {class=-}",0.133440509438515,1,1,3
"3","{A12=f,A9=f,A4=y} => {class=-}",0.0900321528315544,1,1,43
"4","{A9=f,A4=y,A13=g,A8=[-Inf;1.46]} => {class=-}",0.0900321528315544,1,1,10
"5","{A9=f,A13=g,A15=[-Inf;742],A10=t} => {class=-}",0.0868167206645012,1,1,29
"6","{A14=[-Inf;99],A12=t,A5=g,A9=t} => {class=+}",0.0771704167127609,1,1,48
"7","{A9=f,A8=[-Inf;1.46],A6=c} => {class=-}",0.0627009645104408,1,1,13
"8","{A9=f,A13=g,A7=ff} => {class=-}",0.0610932484269142,1,1,7
"9","{} => {class=+}",0.445337623357773,0.445337623357773,0.605820105820106,229
