"","rules","support","confidence","orderedConf","orderedSupp"
"1","{A15=[-Inf;750],A13=g,A9=f,A10=t} => {class=-}",0.093397743999958,1,1,58
"2","{A9=f,A12=f,A5=p,A8=[-Inf;2.415]} => {class=-}",0.0805152952671051,1,1,43
"3","{A15=[-Inf;316],A12=f,A5=p,A8=[-Inf;2.415]} => {class=-}",0.0805152952671051,1,1,3
"4","{A9=f,A12=f,A3=[-Inf;8.17],A4=y} => {class=-}",0.077294684946537,1,1,4
"5","{A12=f,A8=[-Inf;2.415],A4=y,A10=f} => {class=-}",0.0740740746259689,1,1,1
"6","{A7=h,A9=t,A15=[221;Inf]} => {class=+}",0.0692431554198265,1,1,43
"7","{A15=[-Inf;51100],A9=f,A6=ff} => {class=-}",0.0628019347786903,1,1,16
"8","{A10=t,A9=t,A12=t,A14=[-Inf;99]} => {class=+}",0.0579710155725479,1,1,32
"9","{} => {class=-}",0.555555582046509,0.555555582046509,0.522565320665083,220
