"","rules","support","confidence","orderedConf","orderedSupp"
"1","{a27=[0.53215;0.99989],a33=[-0.21572;0.98971],a31=[0.00096;0.99112]} => {class=g}",0.303797453641891,1,1,96
"2","{a21=[0.00048;0.99776],a25=[-1;0.99695],a27=[0.53215;0.99989]} => {class=g}",0.287974685430527,1,1,7
"3","{a25=[-1;0.99695],a27=[0.53215;0.99989],a33=[0.00015;0.98971]} => {class=g}",0.287974685430527,1,1,1
"4","{} => {class=b}",0.357594937086105,0.357594937086105,0.533018867924528,113
