"","rules","support","confidence","orderedConf","orderedSupp"
"1","{a03=[0.69444;1],a28=[-1;1],a05=[0.00428;0.99363],a16=[-0.83519;0.93682]} => {class=g}",0.358730167150497,1,1,113
"2","{a07=[-0.07661;0.99999],a03=[0.74084;0.99701],a28=[-1;0.83796]} => {class=g}",0.307936519384384,1,1,6
"3","{} => {class=b}",0.358730167150497,0.358730167150497,0.576530612244898,113
