"","rules","support","confidence","orderedConf","orderedSupp"
"1","{a33=[-0.21572;0.98971],a27=[0.53215;0.99989],a31=[0.00096;0.99112]} => {class=g}",0.290220826864243,1,1,92
"2","{a25=[-1;0.99899],a33=[0.00015;0.98971],a27=[0.53215;0.99989]} => {class=g}",0.28075709939003,1,1,6
"3","{a25=[-1;0.99899],a27=[0.53215;0.99989],a21=[0.00048;0.99776]} => {class=g}",0.271293371915817,1,1,2
"4","{} => {class=b}",0.359621465206146,0.359621465206146,0.525345622119816,114
