"","rules","support","confidence","orderedConf","orderedSupp"
"1","{a33=[0.00015;1],a27=[0.53215;0.99989],a10=[-1;1],a24=[-0.97491;1]} => {class=g}",0.330158740282059,1,1,104
"2","{a33=[-0.13832;0.98934],a20=[-1;0.78036],a27=[0.53215;0.99989],a28=[-1;1]} => {class=g}",0.323809534311295,1,1,4
"3","{} => {class=b}",0.358730167150497,0.358730167150497,0.545893719806763,113
