"","rules","support","confidence","orderedConf","orderedSupp"
"1","{a33=[-0.19792;0.98971],a27=[0.53215;0.99989],a31=[0.00096;0.99112],a20=[-1;1]} => {class=g}",0.299684554338455,1,1,95
"2","{a25=[-1;0.99899],a18=[-1;1],a33=[0.00015;0.98971],a27=[0.53215;0.99989]} => {class=g}",0.283911675214767,1,1,6
"3","{a25=[-1;0.99899],a27=[0.53215;0.99989],a28=[-1;1],a21=[0.00048;0.99776]} => {class=g}",0.277602523565292,1,1,3
"4","{} => {class=b}",0.359621465206146,0.359621465206146,0.535211267605634,114
