"","rules","support","confidence","orderedConf","orderedSupp"
"1","{a21=[-0.25;1],a27=[0.53215;0.99989],a31=[0.00096;1],a24=[-0.93788;0.76197]} => {class=g}",0.332278490066528,1,1,105
"2","{a18=[-1;1],a27=[0.53215;0.99989],a33=[-0.21572;0.98971],a31=[0.00096;0.99112]} => {class=g}",0.303797453641891,1,1,4
"3","{} => {class=b}",0.357594937086105,0.357594937086105,0.545893719806763,113
