"","rules","support","confidence","orderedConf","orderedSupp"
"1","{a14=[-0.69707;1],a25=[0.31304;0.99899],a33=[-0.21572;0.98971],a31=[0.13756;1]} => {class=g}",0.368253976106644,1,1,116
"2","{a14=[-0.69707;1],a25=[0.31304;0.99899],a33=[-1;0.98971],a21=[0.13712;1]} => {class=g}",0.358730167150497,1,1,3
"3","{a14=[-0.69707;0.9513],a25=[0.31304;0.99899],a10=[-0.63427;1],a13=[0.29167;0.99745]} => {class=g}",0.31746032834053,1,1,2
"4","{a26=[-1;1],a18=[-1;0.93429],a03=[0.74084;0.99701],a07=[-0.01923;0.99999]} => {class=g}",0.307936519384384,1,1,40
"5","{} => {class=b}",0.358730167150497,0.358730167150497,0.733766233766234,113
