"","rules","support","confidence","orderedConf","orderedSupp"
"1","{a33=[-0.21572;1],a27=[0.53215;0.99989],a31=[0.00096;1],a24=[-0.97491;0.76197]} => {class=g}",0.328075706958771,1,1,104
"2","{a33=[-0.21572;0.98971],a27=[0.53215;0.99989],a18=[-1;1],a31=[0.00096;0.99112]} => {class=g}",0.290220826864243,1,1,1
"3","{} => {class=b}",0.359621465206146,0.359621465206146,0.537735849056604,114
