"","rules","support","confidence","orderedConf","orderedSupp"
"1","{a33=[0.00015;0.98934],a27=[0.53215;0.99989]} => {class=g}",0.314285725355148,1,1,99
"2","{} => {class=b}",0.358730167150497,0.358730167150497,0.523148148148148,113
