"","rules","support","confidence","orderedConf","orderedSupp"
"1","{a03=[0.73523;0.99701],a05=[0.00428;0.99815]} => {class=g}",0.307936519384384,1,1,97
"2","{a07=[-0.07661;0.99999],a26=[-1;0.7978],a03=[0.74084;0.99701]} => {class=g}",0.307936519384384,1,1,5
"3","{} => {class=b}",0.358730167150497,0.358730167150497,0.530516431924883,113
