"","rules","support","confidence","orderedConf","orderedSupp"
"1","{a25=[-1;1],a27=[0.53215;0.99989],a21=[0.00048;1],a24=[-0.97491;0.76197]} => {class=g}",0.333333343267441,1,1,105
"2","{a33=[-0.21572;0.98971],a27=[0.53215;0.99989],a03=[-1;Inf],a31=[0.00096;0.99112]} => {class=g}",0.304761916399002,1,1,5
"3","{} => {class=b}",0.358730167150497,0.358730167150497,0.551219512195122,113
