"","rules","support","confidence","orderedConf","orderedSupp"
"1","{a03=[0.74084;0.99701],a28=[-1;0.83796],a07=[-0.32937;0.99952]} => {class=g}",0.304761916399002,1,1,96
"2","{a03=[0.73523;0.99701],a05=[0.00428;0.99672]} => {class=g}",0.30158731341362,1,1,5
"3","{} => {class=b}",0.358730167150497,0.358730167150497,0.52803738317757,113
