"","rules","support","confidence","orderedConf","orderedSupp"
"1","{a14=[-0.69707;1],a25=[0.33333;0.99899],a33=[0.00025;0.98971]} => {class=g}",0.346031755208969,1,1,109
"2","{a25=[0.33333;0.99899],a33=[-0.21572;0.98971],a07=[0.01437;0.99999]} => {class=g}",0.31746032834053,1,1,8
"3","{a14=[-0.69707;0.9513],a25=[0.31304;0.99899],a10=[-0.63427;1],a13=[0.29167;0.99745]} => {class=g}",0.31746032834053,1,1,3
"4","{a26=[-1;0.7978],a03=[0.74084;0.99701],a07=[-0.01923;0.99999]} => {class=g}",0.307936519384384,1,1,40
"5","{} => {class=b}",0.358730167150497,0.358730167150497,0.729032258064516,113
