"","rules","support","confidence","orderedConf","orderedSupp"
"1","{a33=[-0.21572;0.98971],a27=[0.53215;0.99989],a31=[0.00096;0.99112]} => {class=g}",0.304761916399002,1,1,96
"2","{a33=[0.00015;0.98971],a25=[-1;0.99899],a27=[0.53215;0.99989]} => {class=g}",0.288888901472092,1,1,6
"3","{a25=[-1;0.99899],a27=[0.53215;0.99989],a21=[0.00048;0.99776]} => {class=g}",0.282539695501328,1,1,3
"4","{} => {class=b}",0.358730167150497,0.358730167150497,0.538095238095238,113
