"","rules","support","confidence","orderedConf","orderedSupp"
"1","{a31=[-1;0.99112],a33=[0.00015;0.98971],a27=[0.53215;0.99989]} => {class=g}",0.296529978513718,1,1,94
"2","{a33=[0.00015;0.98971],a27=[0.53215;0.99989],a25=[-1;0.99899]} => {class=g}",0.29337540268898,1,1,4
"3","{a27=[0.53215;0.99989],a25=[-1;0.99899],a21=[0.00048;0.99776]} => {class=g}",0.287066251039505,1,1,10
"4","{} => {class=b}",0.359621465206146,0.359621465206146,0.545454545454545,114
