"","rules","support","confidence","orderedConf","orderedSupp"
"1","{a03=[0.73523;1],a28=[-1;1],a05=[0.00428;0.99352],a20=[-0.93599;1]} => {class=g}",0.349206358194351,1,1,110
"2","{a32=[-1;1],a03=[0.74084;0.99701],a28=[-1;0.83796],a07=[-0.32937;0.99952]} => {class=g}",0.304761916399002,1,1,6
"3","{} => {class=b}",0.358730167150497,0.358730167150497,0.5678391959799,113
