"","rules","support","confidence","orderedConf","orderedSupp"
"1","{a31=[-1;1],a27=[0.53215;0.99989],a24=[-0.97491;0.76197],a21=[0.00048;1]} => {class=g}",0.334384858608246,1,1,106
"2","{a31=[-1;1],a33=[0.00015;1],a27=[0.53215;0.99989],a24=[-0.97491;0.76197]} => {class=g}",0.328075706958771,1,1,5
"3","{a31=[-1;0.99112],a19=[-Inf;Inf],a33=[0.00015;0.98971],a27=[0.53215;0.99989]} => {class=g}",0.296529978513718,1,1,1
"4","{} => {class=b}",0.359621465206146,0.359621465206146,0.55609756097561,114
