"","rules","support","confidence","orderedConf","orderedSupp"
"1","{a03=[0.74449;0.99701],a07=[-0.07661;0.99999],a17=[-Inf;Inf]} => {class=g}",0.29337540268898,1,1,93
"2","{a03=[0.73523;0.99701],a05=[-0.27303;0.99815]} => {class=g}",0.287066251039505,1,1,5
"3","{} => {class=b}",0.359621465206146,0.359621465206146,0.520547945205479,114
