"","rules","support","confidence","orderedConf","orderedSupp"
"1","{X5=[-Inf;-0.230769],X7=[-Inf;-0.897544],X8=-1,X14=[-Inf;-0.94994]} => {Y=-1}",0.167202576994896,1,1,104
"2","{X1=1,X8=1,X14=[-0.99112;Inf]} => {Y=1}",0.110932476818562,1,1,69
"3","{X5=[-Inf;0.230769],X8=-1,X9=1} => {Y=-1}",0.083601288497448,1,1,35
"4","{X4=-1,X7=[-Inf;-0.897544],X8=-1} => {Y=-1}",0.0996784567832947,0.98412698507309,0.96551724137931,28
"5","{X8=1,X9=1,X14=[-0.993;Inf]} => {Y=1}",0.165594860911369,0.980952382087708,0.954545454545455,42
"6","{X6=[0.5;Inf],X8=1,X13=[-Inf;-0.864]} => {Y=1}",0.0755627006292343,0.979166686534882,0.962962962962963,26
"7","{X8=1,X14=[-0.99112;Inf]} => {Y=1}",0.186495169997215,0.974789917469025,0.875,7
"8","{X8=-1} => {Y=-1}",0.443729907274246,0.932432413101196,0.8515625,109
"9","{} => {Y=1}",0.445337623357773,0.445337623357773,0.634831460674157,113
