"","rules","support","confidence","orderedConf","orderedSupp"
"1","{X2=[-Inf;-0.28812],X5=[-Inf;-0.230769],X8=-1,X14=[-Inf;0.022]} => {Y=-1}",0.181964576244354,1,1,113
"2","{X1=-1,X5=[-Inf;-0.076923],X8=-1} => {Y=-1}",0.0853462144732475,1,1,17
"3","{X8=-1,X9=1} => {Y=-1}",0.093397743999958,0.966666638851166,0.947368421052632,36
"4","{X8=-1} => {Y=-1}",0.449275374412537,0.926910281181335,0.849624060150376,113
"5","{} => {Y=1}",0.444444447755814,0.444444447755814,0.79375,254
