"","rules","support","confidence","orderedConf","orderedSupp"
"1","{X5=[-Inf;-0.230769],X7=[-Inf;-0.897544],X8=-1,X14=[-Inf;-0.94994]} => {Y=-1}",0.167202576994896,1,1,104
"2","{X5=[-Inf;0.230769],X8=-1,X9=1} => {Y=-1}",0.083601288497448,1,1,35
"3","{X4=-1,X7=[-Inf;-0.897544],X8=-1} => {Y=-1}",0.0996784567832947,0.98412698507309,0.96551724137931,28
"4","{X8=-1} => {Y=-1}",0.443729907274246,0.932432413101196,0.8515625,109
"5","{} => {Y=1}",0.445337623357773,0.445337623357773,0.788343558282209,257
