"","rules","support","confidence","orderedConf","orderedSupp"
"1","{X5=[-Inf;-0.230769],X7=[-Inf;-0.897544],X8=-1,X14=[-Inf;-0.9498]} => {Y=-1}",0.170692428946495,1,1,106
"2","{X1=1,X8=1,X14=[-0.99112;Inf]} => {Y=1}",0.115942031145096,1,1,72
"3","{X4=-1,X8=-1,X11=-1} => {Y=-1}",0.0917874425649643,1,1,35
"4","{X8=1,X10=[-0.910448;Inf],X13=[-Inf;-0.901]} => {Y=1}",0.111111111938953,0.985714256763458,0.980769230769231,51
"5","{X8=-1,X9=1} => {Y=-1}",0.0917874425649643,0.982758641242981,0.974358974358974,38
"6","{X8=1,X9=1,X14=[-0.993;Inf]} => {Y=1}",0.167471826076508,0.981132090091705,0.954545454545455,21
"7","{X8=1,X14=[-0.99112;Inf]} => {Y=1}",0.18840579688549,0.975000023841858,0.875,7
"8","{X8=-1} => {Y=-1}",0.442834138870239,0.932203412055969,0.834782608695652,96
"9","{} => {Y=1}",0.444444447755814,0.444444447755814,0.61046511627907,105
