"","rules","support","confidence","orderedConf","orderedSupp"
"1","{X5=[-Inf;-0.076923],X8=-1,X13=[-Inf;-0.789]} => {Y=-1}",0.173633441329002,1,1,108
"2","{X1=-1,X5=[-Inf;-0.076923],X8=-1} => {Y=-1}",0.0884244367480278,1,1,15
"3","{X5=[-Inf;-0.076923],X8=-1} => {Y=-1}",0.25241157412529,0.975155293941498,0.894736842105263,34
"4","{X8=-1} => {Y=-1}",0.440514475107193,0.928813576698303,0.873134328358209,117
"5","{} => {Y=1}",0.445337623357773,0.445337623357773,0.782874617737003,256
