"","rules","support","confidence","orderedConf","orderedSupp"
"1","{X5=[-Inf;-0.230769],X7=[-Inf;-0.897544],X8=-1,X14=[-Inf;-0.9498]} => {Y=-1}",0.180645167827606,1,1,112
"2","{X8=1,X10=[-0.910448;Inf],X14=[-0.993;Inf]} => {Y=1}",0.132258057594299,1,1,82
"3","{X8=1,X10=[-0.910448;Inf],X13=[-Inf;-0.87]} => {Y=1}",0.132258057594299,1,1,35
"4","{X8=-1,X9=1} => {Y=-1}",0.098387099802494,0.983870983123779,0.977272727272727,43
"5","{X8=1,X14=[-0.99112;Inf]} => {Y=1}",0.18387097120285,0.982758641242981,0.944444444444444,34
"6","{X5=[-Inf;-0.230769],X8=-1} => {Y=-1}",0.232258066534996,0.972972989082336,0.866666666666667,26
"7","{X8=-1} => {Y=-1}",0.453225821256638,0.927392721176147,0.854700854700855,100
"8","{} => {Y=1}",0.445161283016205,0.445161283016205,0.628048780487805,103
