"","rules","support","confidence","orderedConf","orderedSupp"
"1","{X2=[-Inf;-0.28812],X5=[-Inf;-0.230769],X8=-1,X14=[-Inf;0.022]} => {Y=-1}",0.181964576244354,1,1,113
"2","{X1=1,X8=1,X9=1,X14=[-0.99558;Inf]} => {Y=1}",0.112721413373947,1,1,70
"3","{X1=-1,X5=[-Inf;-0.076923],X8=-1} => {Y=-1}",0.0853462144732475,1,1,17
"4","{X8=1,X10=[-0.910448;Inf],X13=[-Inf;-0.901]} => {Y=1}",0.111111111938953,0.985714256763458,0.979166666666667,47
"5","{X8=1,X9=1,X14=[-0.99558;Inf]} => {Y=1}",0.177133649587631,0.982142865657806,0.95,19
"6","{X8=-1,X9=1} => {Y=-1}",0.093397743999958,0.966666638851166,0.947368421052632,36
"7","{X8=1,X14=[-0.99544;Inf]} => {Y=1}",0.209339767694473,0.962962985038757,0.875,21
"8","{X8=-1} => {Y=-1}",0.449275374412537,0.926910281181335,0.849624060150376,113
"9","{} => {Y=1}",0.444444447755814,0.444444447755814,0.613924050632911,97
