"","rules","support","confidence","orderedConf","orderedSupp"
"1","{X1=1,X8=1,X9=1,X14=[-0.993;Inf]} => {Y=1}",0.101612903177738,1,1,63
"2","{X8=1,X10=[-0.910448;Inf],X13=[-Inf;-0.901]} => {Y=1}",0.108064517378807,0.985294103622437,0.979166666666667,47
"3","{X8=1,X9=1,X14=[-0.993;Inf]} => {Y=1}",0.167741939425468,0.981132090091705,0.952380952380952,20
"4","{X5=[0.230769;Inf],X8=1,X13=[-Inf;-0.84]} => {Y=1}",0.143548384308815,0.97802197933197,0.978260869565217,45
"5","{X5=[0.230769;Inf],X8=1} => {Y=1}",0.225806444883347,0.903225779533386,0.707317073170732,29
"6","{} => {Y=-1}",0.554838716983795,0.554838716983795,0.820448877805486,329
