"","rules","support","confidence","orderedConf","orderedSupp"
"1","{X5=[-0.384615;0.384615],X8=1,X9=1,X13=[-Inf;-0.864]} => {Y=1}",0.0838709697127342,1,1,52
"2","{X8=1,X9=1,X14=[-0.993;Inf]} => {Y=1}",0.162903219461441,0.990196049213409,0.986301369863014,72
"3","{X8=1,X14=[-0.99112;Inf]} => {Y=1}",0.185483872890472,0.982905983924866,0.947368421052632,18
"4","{X8=1,X9=1} => {Y=1}",0.303225815296173,0.908212542533875,0.780487804878049,64
"5","{} => {Y=-1}",0.554838716983795,0.554838716983795,0.822335025380711,324
