"","rules","support","confidence","orderedConf","orderedSupp"
"1","{A4=y,A8=[-Inf;1.46],A9=f,A13=g} => {class=-}",0.0903225839138031,1,1,56
"2","{A6=aa,A9=f} => {class=-}",0.0370967723429203,1,1,20
"3","{A6=d,A9=f} => {class=-}",0.0290322583168745,1,1,17
"4","{A9=f,A10=t,A13=g} => {class=-}",0.0967741906642914,0.983606576919556,0.979591836734694,48
"5","{A7=ff,A9=f} => {class=-}",0.0661290287971497,0.976190447807312,0.944444444444444,17
"6","{A6=i,A9=f} => {class=-}",0.0548387095332146,0.971428573131561,0.962962962962963,26
"7","{A9=f} => {class=-}",0.446774184703827,0.926421403884888,0.830357142857143,93
"8","{} => {class=+}",0.445161283016205,0.445161283016205,0.791277258566978,254
