"","rules","support","confidence","orderedConf","orderedSupp"
"1","{A4=y,A8=[-Inf;1.46],A9=f} => {class=-}",0.0996784567832947,1,1,62
"2","{A7=ff,A9=f,A13=g} => {class=-}",0.0627009645104408,1,1,28
"3","{A6=aa,A9=f} => {class=-}",0.0353697761893272,1,1,20
"4","{A9=f,A10=t,A13=g} => {class=-}",0.0900321528315544,0.982456147670746,0.96969696969697,32
"5","{A6=i,A9=f} => {class=-}",0.0562700964510441,0.972222208976746,0.96551724137931,28
"6","{A9=f} => {class=-}",0.446945339441299,0.92976588010788,0.850393700787402,108
"7","{} => {class=+}",0.445337623357773,0.445337623357773,0.792569659442725,256
