"","rules","support","confidence","orderedConf","orderedSupp"
"1","{A8=[-Inf;1.46],A9=f,A12=t,A13=g} => {class=-}",0.106451615691185,1,1,66
"2","{A7=ff,A9=f,A13=g} => {class=-}",0.058064516633749,1,1,33
"3","{A6=ff,A9=f} => {class=-}",0.0564516112208366,1,1,2
"4","{A6=w,A9=f} => {class=-}",0.0387096777558327,1,1,17
"5","{A6=aa,A9=f} => {class=-}",0.0370967723429203,1,1,16
"6","{A6=i,A9=f} => {class=-}",0.0564516112208366,0.972222208976746,0.958333333333333,23
"7","{A9=f} => {class=-}",0.445161283016205,0.932432413101196,0.86231884057971,119
"8","{} => {class=+}",0.445161283016205,0.445161283016205,0.790123456790123,256
