"","rules","support","confidence","orderedConf","orderedSupp"
"1","{A8=[-Inf;1.46],A9=f,A13=g,A14=[102;288]} => {class=-}",0.18035426735878,1,1,112
"2","{A9=f,A10=t,A13=g} => {class=-}",0.0966183543205261,1,1,35
"3","{A7=h,A9=f} => {class=-}",0.0563607066869736,1,1,16
"4","{A6=aa,A9=f} => {class=-}",0.030595812946558,1,1,7
"5","{A9=f} => {class=-}",0.436392903327942,0.937716245651245,0.848739495798319,101
"6","{} => {class=+}",0.444444447755814,0.444444447755814,0.77710843373494,258
