"","rules","support","confidence","orderedConf","orderedSupp"
"1","{A1=a,A8=[-Inf;2.415],A9=f,A13=g} => {class=-}",0.106451615691185,1,1,66
"2","{A7=ff,A9=f,A13=g} => {class=-}",0.0532258078455925,1,1,22
"3","{A6=aa,A9=f} => {class=-}",0.0354838706552982,1,1,14
"4","{A9=f,A10=t,A13=g} => {class=-}",0.0903225839138031,0.982456147670746,0.96551724137931,28
"5","{A6=i,A9=f} => {class=-}",0.0564516112208366,0.972222208976746,0.964285714285714,27
"6","{A9=f} => {class=-}",0.445161283016205,0.926174521446228,0.856115107913669,119
"7","{} => {class=+}",0.445161283016205,0.445161283016205,0.788819875776398,254
