"","rules","support","confidence","orderedConf","orderedSupp"
"1","{A4=y,A8=[-Inf;1.46],A9=f,A13=g} => {class=-}",0.0884244367480278,1,1,55
"2","{A9=f,A10=t,A15=[-Inf;750]} => {class=-}",0.0868167206645012,1,1,46
"3","{A6=aa,A9=f} => {class=-}",0.0337620563805103,1,1,14
"4","{A7=ff,A9=f} => {class=-}",0.065916396677494,0.976190447807312,0.944444444444444,17
"5","{A6=i,A9=f} => {class=-}",0.0546623803675175,0.971428573131561,0.96551724137931,28
"6","{A9=f} => {class=-}",0.440514475107193,0.925675690174103,0.850746268656716,114
"7","{} => {class=+}",0.445337623357773,0.445337623357773,0.782208588957055,255
