"","rules","support","confidence","orderedConf","orderedSupp"
"1","{preg=[7;Inf],plas=[154;Inf],pedi=[0.295;Inf]} => {class=tested_positive}",0.0390738062560558,1,1,27
"2","{preg=[7;Inf],plas=[160;Inf]} => {class=tested_positive}",0.0419681631028652,0.935483872890472,0.75,6
"3","{plas=[124;196],mass=[29.8;Inf],pedi=[0.393;Inf],age=[29;Inf]} => {class=tested_positive}",0.092619389295578,0.864864885807037,0.811320754716981,43
"4","{plas=[160;Inf]} => {class=tested_positive}",0.111432708799839,0.83695650100708,0.787234042553192,37
"5","{preg=[7;Inf],plas=[128;Inf],mass=[27.5;Inf]} => {class=tested_positive}",0.0709117203950882,0.816666662693024,0.538461538461538,7
"6","{} => {class=tested_negative}",0.651230096817017,0.651230096817017,0.777163904235727,422
