"","rules","support","confidence","orderedConf","orderedSupp"
"1","{SPIDERS=no,ALBUMIN=[3.9;Inf]} => {Class=LIVE}",0.407142847776413,1,1,57
"2","{SEX=male} => {Class=LIVE}",0.107142858207226,1,1,10
"3","{ASCITES=yes,VARICES=yes,ALBUMIN=[-Inf;4.4]} => {Class=DIE}",0.0500000007450581,1,1,7
"4","{ALBUMIN=[3.9;Inf]} => {Class=LIVE}",0.52142858505249,0.960526287555695,0.8125,13
"5","{FATIGUE=no} => {Class=LIVE}",0.328571438789368,0.958333313465118,0.9,9
"6","{SPLEEN_PALPABLE=yes,BILIRUBIN=[1.3;Inf],ALBUMIN=[-Inf;3.82204724409]} => {Class=DIE}",0.0714285746216774,0.909090936183929,0.9,9
"7","{ASCITES=yes} => {Class=DIE}",0.0928571447730064,0.722222208976746,0.571428571428571,4
"8","{PROTIME=[29;43]} => {Class=DIE}",0.0857142880558968,0.705882370471954,0.75,3
"9","{} => {Class=LIVE}",0.79285717010498,0.79285717010498,0.894736842105263,17
