dataset,accuracy,rules,antlength,buildtime,auc
kdd1000_,0.976,7.1,1.31785714285714,0.45,0
kdd10000_,0.9815,31.9,2.31670634064965,2.55,0
