dataset,accuracy,rules,antlength,buildtime,auc
kdd1000_,0.984,7.1,1.31785714285714,34.9,0
kdd10000_,0.9845,31.9,2.31670634064965,68.43,0
