dataset,accuracy,rules,antlength,buildtime,auc
kdd1000_,0.984,7.1,1.31785714285714,34.82,0
kdd10000_,0.9845,31.9,2.31670634064965,95.44,0
kdd20000_,0.98515,61.8,2.55483132301826,172.86,0
kdd30000_,0.985833333333333,70.9,2.45898203011745,274.15,0
kdd40000_,0.9863,82.8,2.36974114730665,385.65,0
