dataset,accuracy,rules,antlength,buildtime,auc
kdd1000_,0.984,7.1,1.31785714285714,34.95,0
kdd10000_,0.9845,32,2.31896440516578,66.36,0
