dataset,accuracy,rules,antlength,buildtime,auc
kdd1000_,0.975,7.1,1.31785714285714,0.81,0
kdd10000_,0.9815,32,2.31896440516578,477.53,0
kdd20000_,0.98115,62.3,2.55860469683632,4549.13,0
kdd30000_,0.981966666666667,71.5,2.46373557329329,8085.3,0
kdd40000_,0.98225,83.3,2.37362493261982,16975.21,0
