dataset,accuracy,rules,antlength,buildtime,auc
kdd1000_,0.975,7.1,1.31785714285714,0.43,0
kdd10000_,0.9815,32,2.31896440516578,27.84,0
kdd20000_,0.98115,62.3,2.55860469683632,490.58,0
kdd30000_,0.981966666666667,71.5,2.46373557329329,801.78,0
kdd40000_,0.98225,83.3,2.37362493261982,1627.06,0
