dataset,accuracy,rules,antlength,buildtime,auc
kdd1000_,0.984,7.1,1.31785714285714,35.4,0
kdd10000_,0.9845,32,2.31896440516578,66.07,0
kdd20000_,0.98515,62.3,2.55860469683632,109.02,0
kdd30000_,0.985933333333333,71.5,2.46373557329329,169.51,0
kdd40000_,0.98635,83.3,2.37362493261982,240.96,0
