dataset,accuracy,rules,antlength,buildtime,auc
kdd1000_,0.982,7,1.3,0.94,0
kdd10000_,0.9843,20.4,2.2072830792396,498.05,0
kdd20000_,0.98495,37.6,2.57053873321315,4559.78,0
kdd30000_,0.985933333333333,45.9,2.54106515465211,8150.82,0
kdd40000_,0.9862,44.6,2.37440957328067,17064.01,0
