dataset,accuracy,rules,antlength,buildtime,auc
kdd1000_,0.982,7,1.3,0.48,0
kdd10000_,0.9843,20.4,2.2072830792396,29.78,0
kdd20000_,0.98495,37.9,2.57357135633451,558.3,0
kdd30000_,0.985933333333333,46,2.54203647750132,931.3,0
kdd40000_,0.9862,44.6,2.37440957328067,1813.55,0
