dataset,accuracy,rules,antlength,buildtime,auc
kdd1000_,0.984,7.1,1.31785714285714,33.89,0
kdd10000_,0.9845,32,2.31896440516578,63.38,0
