dataset,accuracy,rules,antlength,buildtime,auc
kdd1000_,0.984,7.1,1.31785714285714,40.31,0
kdd10000_,0.9845,32,2.31896440516578,108,0
kdd20000_,0.98515,62.3,2.55860469683632,189.07,0
kdd30000_,0.985933333333333,71.5,2.46373557329329,284.04,0
kdd40000_,0.98635,83.3,2.37362493261982,332.48,0
