dataset,accuracy,rules,antlength,buildtime,auc
kdd1000_,0.976,7.1,1.31785714285714,0.58,0
kdd10000_,0.9815,32,2.31896440516578,9.12,0
kdd20000_,0.98105,62.3,2.55860469683632,48.6,0
kdd30000_,0.981933333333333,71.5,2.46373557329329,107.29,0
kdd40000_,0.9823,83.3,2.37362493261982,196.22,0
kdd50000_,0.9818,98,2.51164128036587,347.78,0
