"","rules","support","confidence","lift","laplace"
"1","{petallength=[-Inf;2.45]} => {class=Iris-setosa}",0.333333333333333,1,3,0.958333333333333
"2","{petallength=(4.85; Inf],petalwidth=(1.75; Inf]} => {class=Iris-virginica}",0.296296296296296,1,3,0.953488372093023
"3","{petallength=(2.45;4.85],petalwidth=(0.8;1.75]} => {class=Iris-versicolor}",0.303703703703704,0.976190476190476,2.92857142857143,0.933333333333333
"4","{petalwidth=(1.75; Inf]} => {class=Iris-virginica}",0.303703703703704,0.976190476190476,2.92857142857143,0.933333333333333
"5","{petallength=(4.85; Inf]} => {class=Iris-virginica}",0.318518518518519,0.934782608695652,2.80434782608696,0.897959183673469
"6","{sepalwidth=(3.05; Inf],petallength=(2.45;4.85]} => {class=Iris-versicolor}",0.0518518518518519,1,3,0.8
"7","{sepallength=(6.25; Inf],petalwidth=(0.8;1.75]} => {class=Iris-versicolor}",0.0962962962962963,0.866666666666667,2.6,0.777777777777778
"8","{sepallength=[-Inf;5.55],petallength=(2.45;4.85]} => {class=Iris-virginica}",0.00740740740740741,0.0909090909090909,0.272727272727273,0.142857142857143
"9","{} => {class=Iris-setosa}",0,0,0,0
