"","rules","support","confidence","lift","laplace"
"1","{petallength=[-Inf;2.45]} => {class=Iris-setosa}",0.333333333333333,1,3,0.958333333333333
"2","{petallength=(2.45;4.75],petalwidth=(0.8;1.75]} => {class=Iris-versicolor}",0.288888888888889,1,3,0.952380952380952
"3","{sepallength=(6.15; Inf],petalwidth=(1.75; Inf]} => {class=Iris-virginica}",0.244444444444444,1,3,0.944444444444444
"4","{petallength=(4.75; Inf],petalwidth=(1.75; Inf]} => {class=Iris-virginica}",0.303703703703704,0.976190476190476,2.92857142857143,0.933333333333333
"5","{sepallength=(5.45;6.15],petalwidth=(0.8;1.75]} => {class=Iris-versicolor}",0.185185185185185,0.925925925925926,2.77777777777778,0.866666666666667
"6","{petallength=(4.75; Inf]} => {class=Iris-virginica}",0.333333333333333,0.882352941176471,2.64705882352941,0.851851851851852
"7","{sepallength=(6.15; Inf],petalwidth=(0.8;1.75]} => {class=Iris-versicolor}",0.118518518518519,0.888888888888889,2.66666666666667,0.80952380952381
"8","{sepallength=(5.45;6.15]} => {class=Iris-versicolor}",0.192592592592593,0.666666666666667,2,0.642857142857143
"9","{} => {class=Iris-setosa}",0,0,0,0
