"","rules","support","confidence","lift","laplace"
"1","{pension=} => {class=good}",0.529411764705882,0.964285714285714,1.49025974025974,0.933333333333333
"2","{contribution.to.dental.plan=full} => {class=good}",0.235294117647059,1,1.54545454545455,0.928571428571429
"3","{pension=none} => {class=bad}",0.196078431372549,1,2.83333333333333,0.916666666666667
"4","{wage.increase.first.year=[-Inf;2.65]} => {class=bad}",0.254901960784314,0.928571428571428,2.63095238095238,0.875
"5","{education.allowance=no,vacation=below_average,contribution.to.dental.plan=half} => {class=bad}",0.0980392156862745,1,2.83333333333333,0.857142857142857
"6","{wage.increase.second.year=(3.94268292683; Inf],pension=empl_contr} => {class=good}",0.0392156862745098,1,1.54545454545455,0.75
"7","{} => {class=good}",0,0,0,0
