dataset,accuracy,rules,antlength,buildtime
anneal,0.829580207557736,6.4,1.26571428571429,0.508
australian,0.682566678845451,9.8,2.61136752136752,2.032
autos,0.409050524862882,4.7,1.24,0.238
