"","rules","support","confidence","orderedConf","orderedSupp"
"1","{ASCITES=yes} => {label=0}",0.0928571447730064,0.722222208976746,0.722222222222222,13
"2","{} => {label=1}",0.79285717010498,0.79285717010498,0.868852459016393,106
