"","rules","support","confidence","orderedConf","orderedSupp"
"1","{ASCITES=yes} => {label=0}",0.0869565233588219,0.705882370471954,0.705882352941177,12
"2","{} => {label=1}",0.797101438045502,0.797101438045502,0.867768595041322,105
