"","rules","support","confidence","orderedConf","orderedSupp"
"1","{ALBUMIN=[-Inf;2.6]} => {label=0}",0.0500000007450581,1,1,7
"2","{PROTIME=[30;43]} => {label=0}",0.0857142880558968,0.75,0.714285714285714,10
"3","{} => {label=1}",0.79285717010498,0.79285717010498,0.899159663865546,107
