"","rules","support","confidence","orderedConf","orderedSupp"
"1","{ALBUMIN=[-Inf;2.6]} => {label=0}",0.0500000007450581,1,1,7
"2","{BILIRUBIN=[-Inf;1.3]} => {label=1}",0.621428549289703,0.925531923770905,0.935483870967742,87
"3","{PROTIME=[29;43]} => {label=0}",0.0857142880558968,0.75,0.875,7
"4","{SPIDERS=yes} => {label=0}",0.142857149243355,0.454545468091965,0.6,9
"5","{} => {label=1}",0.79285717010498,0.79285717010498,1,17
