"","rules","support","confidence","orderedConf","orderedSupp"
"1","{ALBUMIN=[-Inf;3.86746031746]} => {label=0}",0.187050357460976,0.433333337306976,0.433333333333333,26
"2","{} => {label=1}",0.791366934776306,0.791366934776306,0.962025316455696,76
