"","rules","support","confidence","orderedConf","orderedSupp"
"1","{ASCITES=yes} => {label=0}",0.0928571447730064,0.722222208976746,0.722222222222222,13
"2","{PROTIME=[29;43]} => {label=0}",0.0928571447730064,0.722222208976746,0.545454545454545,6
"3","{} => {label=1}",0.79285717010498,0.79285717010498,0.90990990990991,101
