"","rules","support","confidence","orderedConf","orderedSupp"
"1","{ALBUMIN=[-Inf;2.6]} => {label=0}",0.0500000007450581,1,1,7
"2","{PROTIME=[29;43]} => {label=0}",0.0785714313387871,0.733333349227905,0.692307692307692,9
"3","{} => {label=1}",0.79285717010498,0.79285717010498,0.891666666666667,107
