"","rules","support","confidence","orderedConf","orderedSupp"
"1","{PROTIME=[29;43]} => {label=0}",0.0869565233588219,0.75,0.75,12
"2","{} => {label=1}",0.797101438045502,0.797101438045502,0.868852459016393,106
