"","rules","support","confidence","orderedConf","orderedSupp"
"1","{ALBUMIN=[-Inf;2.8]} => {label=0}",0.0714285746216774,0.909090936183929,0.909090909090909,10
"2","{PROTIME=[29;43]} => {label=0}",0.0857142880558968,0.705882370471954,0.666666666666667,8
"3","{} => {label=1}",0.79285717010498,0.79285717010498,0.905982905982906,106
