"","rules","support","confidence","orderedConf","orderedSupp"
"1","{ALBUMIN=[-Inf;2.6]} => {label=0}",0.0500000007450581,1,1,7
"2","{PROTIME=[29;42]} => {label=0}",0.0857142880558968,0.705882370471954,0.666666666666667,10
"3","{} => {label=1}",0.79285717010498,0.79285717010498,0.898305084745763,106
