"","rules","support","confidence","orderedConf","orderedSupp"
"1","{a05=[-Inf;0.0409]} => {label=0}",0.187301591038704,1,1,59
"2","{a03=[-Inf;0.1859]} => {label=0}",0.168253973126411,1,1,16
"3","{a14=[-Inf;-0.59043]} => {label=0}",0.0857142880558968,1,1,12
"4","{a08=[-Inf;-0.93597]} => {label=0}",0.0761904790997505,1,1,9
"5","{a06=[-Inf;-0.80553]} => {label=0}",0.0698412731289864,1,1,6
"6","{} => {label=1}",0.641269862651825,0.641269862651825,0.948356807511737,202
