"","rules","support","confidence","orderedConf","orderedSupp"
"1","{a05=[-Inf;0.0409]} => {label=0}",0.177777782082558,1,1,56
"2","{a03=[-Inf;0.1859]} => {label=0}",0.168253973126411,1,1,17
"3","{a08=[-Inf;-0.99265]} => {label=0}",0.0761904790997505,1,1,13
"4","{a06=[-Inf;-0.76087]} => {label=0}",0.0761904790997505,1,1,9
"5","{a14=[-Inf;-0.59043]} => {label=0}",0.0920634940266609,0.966666638851166,0.875,7
"6","{a24=-1} => {label=0}",0.0793650820851326,0.961538434028625,0.75,3
"7","{} => {label=1}",0.641269862651825,0.641269862651825,0.961538461538462,200
