"","rules","support","confidence","orderedConf","orderedSupp"
"1","{dst_host_srv_diff_host_rate=[0.01;0.08]} => {label=1}",0.0900000035762787,0.997536957263947,0.997536945812808,810
"2","{src_bytes=[29;333]} => {label=1}",0.149777784943581,0.995568692684174,0.992177314211212,761
"3","{dst_bytes=[24;8302]} => {label=1}",0.156777784228325,0.994362235069275,0.954545454545455,126
"4","{service=b'http'} => {label=1}",0.125444442033768,0.960851073265076,0.666666666666667,90
"5","{dst_host_diff_srv_rate=[0.01;0.04]} => {label=1}",0.049666665494442,0.929313957691193,0.489795918367347,24
"6","{} => {label=0}",0.797777771949768,0.797777771949768,0.998733286418016,7096
