"","rules","support","confidence","orderedConf","orderedSupp"
"1","{src_bytes=[30;480]} => {label=1}",0.155555561184883,0.992907822132111,0.99290780141844,140
"2","{dst_bytes=[36;8098]} => {label=1}",0.154444441199303,0.992857158184052,0.96,24
"3","{dst_host_count=[-Inf;253]} => {label=1}",0.113333337008953,0.971428573131561,0.9,18
"4","{} => {label=0}",0.797777771949768,0.797777771949768,1,714
