"","rules","support","confidence","orderedConf","orderedSupp"
"1","{dst_bytes=[36;8098],is_guest_login=0} => {label=1}",0.153333336114883,1,1,138
"2","{src_bytes=[30;480]} => {label=1}",0.155555561184883,0.992907822132111,0.961538461538462,25
"3","{dst_host_count=[-Inf;253],dst_host_serror_rate=[-Inf;0.81]} => {label=1}",0.113333337008953,0.980769217014313,0.95,19
"4","{} => {label=0}",0.797777771949768,0.797777771949768,1,716
