"","rules","support","confidence","orderedConf","orderedSupp"
"1","{dst_bytes=[36;8098],is_guest_login=0} => {label=1}",0.147777780890465,1,1,133
"2","{src_bytes=[30;480]} => {label=1}",0.157777771353722,0.993007004261017,0.966666666666667,29
"3","{dst_host_count=[-Inf;253]} => {label=1}",0.116666667163372,0.981308400630951,0.954545454545455,21
"4","{} => {label=0}",0.79666668176651,0.79666668176651,1,715
