"","rules","support","confidence","orderedConf","orderedSupp"
"1","{service=b'http',src_bytes=[1;20531]} => {label=1}",0.112111113965511,1,1,1009
"2","{dst_bytes=[4;8302],is_guest_login=0} => {label=1}",0.155888885259628,0.997866272926331,0.994350282485876,528
"3","{src_bytes=[29;495]} => {label=1}",0.159999996423721,0.991052985191345,0.913385826771654,116
"4","{protocol_type=b'tcp',srv_serror_rate=[0;0.5],dst_host_same_src_port_rate=[0.01;0.99]} => {label=1}",0.104555554687977,0.978170454502106,0.890243902439024,146
"5","{} => {label=0}",0.797777771949768,0.797777771949768,0.997070721160552,7148
