"","rules","support","confidence","orderedConf","orderedSupp"
"1","{num_compromised=0,count=[-Inf;69]} => {label=1}",0.203333333134651,0.897058844566345,0.897058823529412,183
"2","{} => {label=0}",0.79666668176651,0.79666668176651,1,696
