"","rules","support","confidence","orderedConf","orderedSupp"
"1","{src_bytes=[30;480]} => {label=1}",0.159999996423721,0.993103444576263,0.993103448275862,144
"2","{dst_bytes=[36;8098]} => {label=1}",0.155555561184883,0.992907822132111,0.954545454545455,21
"3","{protocol_type=b'tcp',srv_serror_rate=[-Inf;0.5],dst_host_count=[-Inf;251]} => {label=1}",0.114444442093372,0.990384638309479,1,17
"4","{} => {label=0}",0.797777771949768,0.797777771949768,1,716
