"","rules","support","confidence","orderedConf","orderedSupp"
"1","{dst_bytes=[24;8302],is_guest_login=0} => {label=1}",0.156333327293396,0.998580574989319,0.998580553584102,1407
"2","{flag=b'SF',src_bytes=[29;333]} => {label=1}",0.14922222495079,0.995552241802216,0.979166666666667,235
"3","{srv_count=[-Inf;5],dst_host_diff_srv_rate=[0.01;0.04]} => {label=1}",0.0412222221493721,0.973753273487091,0.766666666666667,23
"4","{service=b'http',diff_srv_rate=[-Inf;0.05]} => {label=1}",0.123777776956558,0.962834894657135,0.713333333333333,107
"5","{flag=b'SF',protocol_type=b'tcp'} => {label=1}",0.147888883948326,0.95755398273468,0.842105263157895,48
"6","{} => {label=0}",0.797777771949768,0.797777771949768,1,7114
