"","rules","support","confidence","orderedConf","orderedSupp"
"1","{dst_bytes=[24;8302],is_guest_login=0} => {label=1}",0.156333327293396,0.997872352600098,0.997872340425532,1407
"2","{logged_in=1,dst_host_same_src_port_rate=[0.01;0.99],dst_host_srv_rerror_rate=0} => {label=1}",0.0865555554628372,0.997439205646515,0.985815602836879,139
"3","{src_bytes=[29;333]} => {label=1}",0.149777784943581,0.995568692684174,0.972789115646258,143
"4","{serror_rate=[-Inf;0.99],service=b'http'} => {label=1}",0.125444442033768,0.962489366531372,0.726114649681529,114
"5","{} => {label=0}",0.797777771949768,0.797777771949768,0.997620713785864,7128
