"","rules","support","confidence","orderedConf","orderedSupp"
"1","{dst_bytes=[36;8090],is_guest_login=0} => {label=1}",0.153333336114883,1,1,138
"2","{src_bytes=[30;480]} => {label=1}",0.158888891339302,0.993055582046509,0.962962962962963,26
"3","{srv_serror_rate=[-Inf;0.5],dst_host_count=[-Inf;253]} => {label=1}",0.119999997317791,0.981818199157715,0.947368421052632,18
"4","{} => {label=0}",0.797777771949768,0.797777771949768,1,716
