"","rules","support","confidence","orderedConf","orderedSupp"
"1","{dst_bytes=[24;8302],is_guest_login=0} => {label=1}",0.156111106276512,0.997869312763214,0.997869318181818,1405
"2","{src_bytes=[29;333]} => {label=1}",0.150222226977348,0.994849145412445,0.978632478632479,229
"3","{protocol_type=b'tcp',srv_serror_rate=[0;0.5],dst_host_same_src_port_rate=[0.01;0.99]} => {label=1}",0.104777775704861,0.981269538402557,0.909090909090909,160
"4","{} => {label=0}",0.797777771949768,0.797777771949768,0.996379838485102,7156
