"","rules","support","confidence","orderedConf","orderedSupp"
"1","{dst_host_srv_diff_host_rate=[0.01;0.08]} => {label=1}",0.0892222225666046,0.997515499591827,0.997515527950311,803
"2","{dst_bytes=[24;8302]} => {label=1}",0.156888887286186,0.995066940784454,0.990861618798956,759
"3","{src_bytes=[29;333]} => {label=1}",0.14922222495079,0.994814813137054,0.965034965034965,138
"4","{service=b'http'} => {label=1}",0.123888887465,0.960379004478455,0.648854961832061,85
"5","{dst_host_diff_srv_rate=[0.01;0.04]} => {label=1}",0.0515555553138256,0.931726932525635,0.489795918367347,24
"6","{} => {label=0}",0.797777771949768,0.797777771949768,0.998452012383901,7095
