"","rules","support","confidence","orderedConf","orderedSupp"
"1","{dst_bytes=[24;8302],is_guest_login=0} => {label=1}",0.155111104249954,0.997855603694916,0.997855611150822,1396
"2","{src_bytes=[29;333]} => {label=1}",0.149444445967674,0.99482250213623,0.979253112033195,236
"3","{protocol_type=b'tcp',serror_rate=[-Inf;0.99],dst_host_same_src_port_rate=[0.01;0.99]} => {label=1}",0.104888886213303,0.978238344192505,0.893854748603352,160
"4","{} => {label=0}",0.797777771949768,0.797777771949768,0.996100821612589,7153
