"","rules","support","confidence","orderedConf","orderedSupp"
"1","{dst_bytes=[36;8098],is_guest_login=0} => {label=1}",0.151111111044884,1,1,136
"2","{src_bytes=[30;480]} => {label=1}",0.161111116409302,0.99315071105957,0.96551724137931,28
"3","{serror_rate=[-Inf;0.99],dst_host_count=[-Inf;253]} => {label=1}",0.119999997317791,0.981818199157715,0.95,19
"4","{} => {label=0}",0.79666668176651,0.79666668176651,1,715
