"","rules","support","confidence","orderedConf","orderedSupp"
"1","{flag=b'S0'} => {label=0}",0.176444441080093,0.999370694160461,0.999370673379484,1588
"2","{same_srv_rate=[-Inf;0.19]} => {label=0}",0.216666668653488,0.998975396156311,0.995,398
"3","{protocol_type=b'icmp'} => {label=0}",0.564777791500092,0.994910955429077,0.994910941475827,5083
"4","{service=b'private'} => {label=0}",0.212444439530373,0.929961085319519,0.235294117647059,44
"5","{} => {label=1}",0.202222228050232,0.202222228050232,0.960932944606414,1648
