"","rules","support","confidence","orderedConf","orderedSupp"
"1","{flag=b'S0'} => {label=0}",0.177777782082558,0.999375402927399,0.999375390381012,1600
"2","{protocol_type=b'icmp'} => {label=0}",0.56466668844223,0.994909942150116,0.994909945184025,5082
"3","{service=b'private'} => {label=0}",0.212666660547256,0.928675413131714,0.728782287822878,395
"4","{dst_host_srv_diff_host_rate=0} => {label=0}",0.792666673660278,0.88808661699295,0.112332112332112,92
"5","{} => {label=1}",0.202222228050232,0.202222228050232,0.988172043010753,919
