"","rules","support","confidence","orderedConf","orderedSupp"
"1","{protocol_type=b'tcp',dst_host_srv_diff_host_rate=[0.01;0.06]} => {label=1}",0.083555556833744,1,1,752
"2","{duration=0,dst_bytes=[24;8302]} => {label=1}",0.131666660308838,0.999156832695007,0.998412698412698,629
"3","{src_bytes=[30;333]} => {label=1}",0.150111109018326,0.99631267786026,0.982332155477032,278
"4","{duration=0,service=b'http'} => {label=1}",0.124222218990326,0.9621342420578,0.683453237410072,95
"5","{protocol_type=b'tcp',flag=b'SF'} => {label=1}",0.145111113786697,0.957477986812592,0.82051282051282,64
"6","{} => {label=0}",0.797888875007629,0.797888875007629,0.999859511098623,7117
