"","rules","support","confidence","orderedConf","orderedSupp"
"1","{dst_bytes=[4;8302],is_guest_login=0} => {label=1}",0.155888885259628,0.997866272926331,0.997866287339972,1403
"2","{flag=b'SF',src_bytes=[29;495]} => {label=1}",0.159999996423721,0.991735517978668,0.957854406130268,250
"3","{srv_count=[-Inf;5],dst_host_diff_srv_rate=[0.01;0.04]} => {label=1}",0.0403333343565464,0.973190367221832,0.708333333333333,17
"4","{service=b'http',dst_host_diff_srv_rate=[0;0.01]} => {label=1}",0.122555553913116,0.962478160858154,0.714285714285714,105
"5","{flag=b'SF',protocol_type=b'tcp'} => {label=1}",0.145555555820465,0.958302855491638,0.978260869565217,45
"6","{} => {label=0}",0.797777771949768,0.797777771949768,1,7116
