"","rules","support","confidence","orderedConf","orderedSupp"
"1","{dst_bytes=[24;8302],is_guest_login=0} => {label=1}",0.156333327293396,0.998580574989319,0.998580553584102,1407
"2","{src_bytes=[29;333]} => {label=1}",0.148666664958,0.99627697467804,0.982683982683983,227
"3","{protocol_type=b'tcp',flag=b'SF',dst_host_same_src_port_rate=[0.01;0.99]} => {label=1}",0.0943333357572556,0.987209320068359,0.8625,69
"4","{service=b'http'} => {label=1}",0.123888887465,0.960379004478455,0.763513513513513,113
"5","{} => {label=0}",0.797888875007629,0.797888875007629,0.999579360628155,7129
