"","rules","support","confidence","orderedConf","orderedSupp"
"1","{dst_bytes=[105;8098]} => {label=1}",0.153333336114883,1,1,138
"2","{src_bytes=[30;480]} => {label=1}",0.156666666269302,0.992957770824432,0.962962962962963,26
"3","{count=[-Inf;256],dst_host_count=[-Inf;253]} => {label=1}",0.121111109852791,0.981981992721558,0.95,19
"4","{} => {label=0}",0.79666668176651,0.79666668176651,1,715
