"","rules","support","confidence","orderedConf","orderedSupp"
"1","{dst_bytes=[24;8302],is_guest_login=0} => {label=1}",0.156333327293396,0.997872352600098,0.997872340425532,1407
"2","{flag=b'SF',src_bytes=[29;333]} => {label=1}",0.149777784943581,0.996304512023926,0.982905982905983,230
"3","{logged_in=1,dst_host_rerror_rate=0} => {label=1}",0.135000005364418,0.990220069885254,0.838235294117647,57
"4","{protocol_type=b'tcp',serror_rate=[-Inf;0.99],dst_host_same_src_port_rate=[0.01;0.99]} => {label=1}",0.105444446206093,0.977342963218689,0.852713178294574,110
"5","{} => {label=0}",0.797777771949768,0.797777771949768,0.997765050984774,7143
