"","rules","support","confidence","orderedConf","orderedSupp"
"1","{dst_host_srv_diff_host_rate=[0.01;0.06]} => {label=1}",0.0844444409012794,1,1,760
"2","{flag=b'SF',dst_bytes=[24;8302],is_guest_login=0} => {label=1}",0.155444443225861,0.999285697937012,0.998706338939198,772
"3","{src_bytes=[29;333]} => {label=1}",0.148666664958,0.995535731315613,0.966887417218543,146
"4","{protocol_type=b'tcp',srv_serror_rate=[0;0.5],dst_host_srv_rerror_rate=0} => {label=1}",0.137111112475395,0.985623002052307,0.732142857142857,41
"5","{diff_srv_rate=[-Inf;0.05],service=b'http'} => {label=1}",0.124222218990326,0.9621342420578,0.694444444444444,100
"6","{} => {label=0}",0.797777771949768,0.797777771949768,0.999859471613266,7115
