"","rules","support","confidence","orderedConf","orderedSupp"
"1","{src_bytes=[43;383]} => {label=1}",0.161111116409302,0.99315071105957,0.993150684931507,145
"2","{dst_bytes=[36;8098]} => {label=1}",0.153333336114883,0.992805778980255,0.952380952380952,20
"3","{protocol_type=b'tcp',dst_host_count=[-Inf;253],dst_host_serror_rate=[-Inf;0.56]} => {label=1}",0.112222224473953,0.990196049213409,1,18
"4","{} => {label=0}",0.79666668176651,0.79666668176651,1,715
