"","rules","support","confidence","orderedConf","orderedSupp"
"1","{src_bytes=[30;480]} => {label=1}",0.158888891339302,1,1,143
"2","{dst_bytes=[36;8098]} => {label=1}",0.153333336114883,0.992805778980255,0.952380952380952,20
"3","{dst_host_count=[-Inf;253]} => {label=1}",0.122222222387791,0.990990996360779,0.952380952380952,20
"4","{} => {label=0}",0.79666668176651,0.79666668176651,1,715
