"","rules","support","confidence","orderedConf","orderedSupp"
"1","{serror_rate=[-Inf;0.99],service=b'http',num_compromised=0} => {label=1}",0.125111117959023,0.998226940631866,0.99822695035461,1126
"2","{dst_bytes=[30;8215],is_guest_login=0} => {label=1}",0.155888885259628,0.997866272926331,0.996168582375479,520
"3","{src_bytes=[29;495]} => {label=1}",0.160333335399628,0.991752564907074,0.921259842519685,117
"4","{dst_host_same_src_port_rate=[0.01;0.99],protocol_type=b'tcp',flag=b'SF'} => {label=1}",0.096000000834465,0.985176742076874,0.818181818181818,54
"5","{} => {label=0}",0.797777771949768,0.797777771949768,0.999580829956686,7154
