"","rules","support","confidence","orderedConf","orderedSupp"
"1","{service=b'http',dst_host_rerror_rate=0} => {label=1}",0.107333332300186,0.997933864593506,0.997933884297521,966
"2","{dst_bytes=[24;8302],is_guest_login=0} => {label=1}",0.155111104249954,0.997855603694916,0.994661921708185,559
"3","{src_bytes=[29;333]} => {label=1}",0.149444445967674,0.99482250213623,0.959677419354839,119
"4","{protocol_type=b'tcp',count=[-Inf;66],dst_host_same_src_port_rate=[0.01;0.99]} => {label=1}",0.104888886213303,0.976215124130249,0.885714285714286,155
"5","{} => {label=0}",0.797777771949768,0.797777771949768,0.997071538139729,7150
