"","rules","support","confidence","orderedConf","orderedSupp"
"1","{flag=b'S0'} => {label=0}",0.177000001072884,0.999372661113739,0.999372647427854,1593
"2","{protocol_type=b'icmp'} => {label=0}",0.56466668844223,0.995104730129242,0.995104758175054,5082
"3","{service=b'private'} => {label=0}",0.212777778506279,0.926463484764099,0.725631768953069,402
"4","{dst_host_srv_diff_host_rate=0} => {label=0}",0.792666673660278,0.887092769145966,0.111650485436893,92
"5","{} => {label=1}",0.202222228050232,0.202222228050232,0.988056460369164,910
