"","rules","support","confidence","orderedConf","orderedSupp"
"1","{flag=b'S0'} => {label=0}",0.176555559039116,0.99937105178833,0.99937106918239,1589
"2","{protocol_type=b'icmp'} => {label=0}",0.564888894557953,0.99510669708252,0.995106674495987,5084
"3","{service=b'private'} => {label=0}",0.212333336472511,0.927219808101654,0.729241877256318,404
"4","{} => {label=1}",0.202222228050232,0.202222228050232,0.941041785918718,1644
