"","rules","support","confidence","orderedConf","orderedSupp"
"1","{flag=b'SF',dst_bytes=[24;8302],is_guest_login=0} => {label=1}",0.156777784228325,0.999291777610779,0.99929178470255,1411
"2","{src_bytes=[30;333]} => {label=1}",0.150111109018326,0.99631267786026,0.983122362869198,233
"3","{flag=b'SF',protocol_type=b'tcp',dst_host_same_src_port_rate=[0.01;0.99]} => {label=1}",0.0943333357572556,0.988358557224274,0.859154929577465,61
"4","{service=b'http'} => {label=1}",0.124666668474674,0.961439609527588,0.753424657534247,110
"5","{} => {label=0}",0.797888875007629,0.797888875007629,0.999439304737875,7130
