"","rules","support","confidence","orderedConf","orderedSupp"
"1","{src_bytes=[30;480]} => {label=1}",0.158888891339302,0.993055582046509,0.993055555555556,143
"2","{dst_bytes=[36;8090]} => {label=1}",0.155555561184883,0.992907822132111,0.956521739130435,22
"3","{dst_host_count=[-Inf;253]} => {label=1}",0.119999997317791,0.972972989082336,0.894736842105263,17
"4","{} => {label=0}",0.797777771949768,0.797777771949768,1,714
