"","rules","support","confidence","orderedConf","orderedSupp"
"1","{service=b'http',src_bytes=[1;20531]} => {label=1}",0.112222224473953,1,1,1010
"2","{dst_bytes=[24;8302]} => {label=1}",0.156444445252419,0.993648529052734,0.983606557377049,540
"3","{src_bytes=[29;495]} => {label=1}",0.158555552363396,0.990972220897675,0.908333333333333,109
"4","{protocol_type=b'tcp',flag=b'SF',dst_host_same_src_port_rate=[0.01;0.99]} => {label=1}",0.0970000028610229,0.985327303409576,0.833333333333333,55
"5","{service=b'http',diff_srv_rate=[-Inf;0.05]} => {label=1}",0.123444445431232,0.962738275527954,0.766917293233083,102
"6","{} => {label=0}",0.797777771949768,0.797777771949768,0.999438360011233,7118
