"","rules","support","confidence","orderedConf","orderedSupp"
"1","{dst_bytes=[24;8302],is_guest_login=0} => {label=1}",0.155888885259628,0.997866272926331,0.997866287339972,1403
"2","{dst_host_srv_diff_host_rate=[0.01;0.08]} => {label=1}",0.090999998152256,0.99756395816803,0.987179487179487,154
"3","{src_bytes=[29;495]} => {label=1}",0.158555552363396,0.990972220897675,0.935897435897436,146
"4","{protocol_type=b'tcp',dst_host_same_src_port_rate=[0.01;0.99]} => {label=1}",0.106666669249535,0.968718469142914,0.782945736434108,101
"5","{} => {label=0}",0.797777771949768,0.797777771949768,0.997763176289669,7137
