"","rules","support","confidence","orderedConf","orderedSupp"
"1","{dst_bytes=[24;8302],is_guest_login=0} => {label=1}",0.156333327293396,0.998580574989319,0.998580553584102,1407
"2","{src_bytes=[29;333]} => {label=1}",0.148666664958,0.99627697467804,0.982683982683983,227
"3","{protocol_type=b'tcp',srv_serror_rate=[0;0.33],dst_host_same_src_port_rate=[0.01;0.99]} => {label=1}",0.104333333671093,0.980167031288147,0.903409090909091,159
"4","{service=b'http',srv_count=[-Inf;2]} => {label=1}",0.028666665777564,0.962686538696289,0.692307692307692,18
"5","{} => {label=0}",0.797888875007629,0.797888875007629,0.998882369376921,7150
