"","rules","support","confidence","orderedConf","orderedSupp"
"1","{src_bytes=[43;383]} => {label=1}",0.161111116409302,0.99315071105957,0.993150684931507,145
"2","{dst_bytes=[36;8098]} => {label=1}",0.153333336114883,0.992805778980255,0.952380952380952,20
"3","{dst_host_count=[-Inf;253]} => {label=1}",0.116666667163372,0.972222208976746,0.9,18
"4","{} => {label=0}",0.79666668176651,0.79666668176651,1,713
