"","rules","support","confidence","orderedConf","orderedSupp"
"1","{flag=b'SF',src_bytes=[29;333]} => {label=1}",0.14416666328907,0.999614775180817,0.999614791987673,2595
"2","{dst_bytes=[4;2182],srv_serror_rate=[0;0.33]} => {label=1}",0.116833336651325,0.99904990196228,0.996031746031746,502
"3","{service=b'http',num_compromised=0,diff_srv_rate=[-Inf;0.05]} => {label=1}",0.120722219347954,0.998162627220154,0.983805668016194,243
"4","{dst_host_same_src_port_rate=[0;0.99],dst_host_srv_serror_rate=[0;0.09],dst_host_rerror_rate=0} => {label=1}",0.166777774691582,0.989452838897705,0.777777777777778,112
"5","{} => {label=0}",0.807611107826233,0.807611107826233,0.999241849886278,14498
