"","rules","support","confidence","orderedConf","orderedSupp"
"1","{logged_in=1,count=[3;511],dst_host_rerror_rate=0} => {label=1}",0.0851111114025116,1,1,1532
"2","{src_bytes=[29;333],dst_host_srv_rerror_rate=[0;0.89]} => {label=1}",0.143777772784233,0.999613761901855,0.999197431781701,1245
"3","{dst_bytes=[4;2174]} => {label=1}",0.116444446146488,0.998095214366913,0.990338164251208,410
"4","{service=b'http',num_compromised=0} => {label=1}",0.120166666805744,0.994940221309662,0.949308755760369,206
"5","{num_compromised=0,protocol_type=b'tcp',dst_host_count=[8;254]} => {label=1}",0.0888333320617676,0.98460590839386,0.7375,59
"6","{} => {label=0}",0.807611107826233,0.807611107826233,0.999241954379436,14500
