"","rules","support","confidence","orderedConf","orderedSupp"
"1","{src_bytes=[-Inf;42],diff_srv_rate=[0.01;0.36]} => {label=0}",0.215777784585953,1,1,3884
"2","{flag=b'SF',src_bytes=[29;333]} => {label=1}",0.14416666328907,0.999614775180817,0.999614791987673,2595
"3","{dst_bytes=[4;2182],num_failed_logins=0} => {label=1}",0.116888888180256,0.999050319194794,0.998011928429423,502
"4","{service=b'ecr_i'} => {label=0}",0.574999988079071,0.997494220733643,1,10350
"5","{num_compromised=0,service=b'http'} => {label=1}",0.120777778327465,0.994510531425476,0.979838709677419,243
"6","{flag=b'SF',dst_host_same_src_port_rate=[0;0.99],dst_host_srv_rerror_rate=0} => {label=1}",0.166944444179535,0.979465425014496,0.735849056603774,117
"7","{} => {label=0}",0.807611107826233,0.807611107826233,0.976923076923077,254
