"","rules","support","confidence","orderedConf","orderedSupp"
"1","{src_bytes=[-Inf;42],diff_srv_rate=[0.01;0.36]} => {label=0}",0.215722218155861,1,1,3883
"2","{flag=b'SF',dst_bytes=[4;2182]} => {label=1}",0.116166666150093,0.999044418334961,0.999521988527725,2091
"3","{src_bytes=[29;333]} => {label=1}",0.145388886332512,0.99885493516922,0.997029702970297,1007
"4","{num_compromised=0,service=b'http'} => {label=1}",0.120611108839512,0.99450296163559,0.979838709677419,243
"5","{num_compromised=0,protocol_type=b'tcp',dst_host_same_src_port_rate=[0.01;0.99]} => {label=1}",0.0986111089587212,0.979040265083313,0.902255639097744,120
"6","{} => {label=0}",0.807555556297302,0.807555556297302,0.999717886025954,10631
