"","rules","support","confidence","orderedConf","orderedSupp"
"1","{flag=b'SF',src_bytes=[29;333]} => {label=1}",0.145055562257767,0.999617159366608,0.999617151607963,2611
"2","{service=b'http',num_compromised=0,diff_srv_rate=[0;0.05]} => {label=1}",0.120888888835907,0.998165130615234,0.988888888888889,356
"3","{dst_bytes=[4;2182]} => {label=1}",0.115777775645256,0.998084306716919,0.989445910290237,375
"4","{service=b'ecr_i'} => {label=0}",0.57488888502121,0.997493743896484,1,10348
"5","{flag=b'SF',dst_host_same_src_port_rate=[0.01;0.99]} => {label=1}",0.109666667878628,0.969548106193542,0.68452380952381,115
"6","{} => {label=0}",0.807555556297302,0.807555556297302,0.998306315025405,4126
