"","rules","support","confidence","orderedConf","orderedSupp"
"1","{src_bytes=[29;333]} => {label=1}",0.145222216844559,0.998853623867035,0.99885364921666,2614
"2","{dst_host_srv_diff_host_rate=[0.01;0.06]} => {label=1}",0.0829444453120232,0.998662233352661,0.995203836930456,415
"3","{dst_bytes=[4;2182]} => {label=1}",0.116277776658535,0.998568713665009,0.994505494505495,181
"4","{dst_bytes=[2455;8284]} => {label=1}",0.0280555561184883,0.996055245399475,0.9,18
"5","{X=[11493;39708]} => {label=1}",0.0559444427490234,0.994077026844025,0.789473684210526,15
"6","{dst_host_same_src_port_rate=[0.01;0.99]} => {label=1}",0.118388891220093,0.953894376754761,0.665467625899281,185
"7","{} => {label=0}",0.807611107826233,0.807611107826233,0.997580700905509,14432
