"","rules","support","confidence","orderedConf","orderedSupp"
"1","{flag=b'SF',src_bytes=[29;333]} => {label=1}",0.144222214818001,1,1,2596
"2","{dst_bytes=[4;2182]} => {label=1}",0.115666665136814,0.998082458972931,0.991902834008097,490
"3","{num_compromised=0,service=b'http',srv_serror_rate=[0;0.14]} => {label=1}",0.12049999833107,0.996783077716827,0.972868217054264,251
"4","{num_compromised=0,serror_rate=[-Inf;0.5],dst_host_same_src_port_rate=[0.01;0.99]} => {label=1}",0.119333334267139,0.969751715660095,0.668508287292818,121
"5","{} => {label=0}",0.807611107826233,0.807611107826233,0.999654481376546,14466
