"","rules","support","confidence","orderedConf","orderedSupp"
"1","{src_bytes=[29;333],dst_host_rerror_rate=[0;0.89]} => {label=1}",0.144611105322838,0.999615967273712,0.999615975422427,2603
"2","{dst_bytes=[4;2182],num_failed_logins=0} => {label=1}",0.116111114621162,0.999044001102448,0.995841995841996,479
"3","{service=b'http',num_compromised=0,diff_srv_rate=[0;0.05]} => {label=1}",0.119555555284023,0.998144686222076,0.98443579766537,253
"4","{protocol_type=b'tcp',flag=b'SF'} => {label=1}",0.138666659593582,0.953399538993835,0.508130081300813,125
"5","{} => {label=0}",0.807611107826233,0.807611107826233,0.999791840133222,14409
