"","rules","support","confidence","orderedConf","orderedSupp"
"1","{src_bytes=[29;333]} => {label=1}",0.145166665315628,0.998853206634521,0.998853211009174,2613
"2","{dst_host_srv_diff_host_rate=[0.01;0.06]} => {label=1}",0.0827222242951393,0.99865859746933,0.995180722891566,413
"3","{dst_bytes=[4;2182]} => {label=1}",0.115777775645256,0.998084306716919,0.989304812834225,185
"4","{dst_bytes=[2455;8284]} => {label=1}",0.0278888884931803,0.996031761169434,0.909090909090909,20
"5","{X=[11493;39708]} => {label=1}",0.0551111102104187,0.99398797750473,0.764705882352941,13
"6","{dst_host_same_src_port_rate=[0.01;0.99]} => {label=1}",0.118111111223698,0.953363239765167,0.659420289855073,182
"7","{} => {label=0}",0.807555556297302,0.807555556297302,0.997373332411696,14429
