"","rules","support","confidence","orderedConf","orderedSupp"
"1","{src_bytes=[29;333],dst_host_srv_rerror_rate=[0;0.89]} => {label=1}",0.144222214818001,0.999614953994751,0.999614940315749,2596
"2","{dst_bytes=[4;2182],num_failed_logins=0} => {label=1}",0.116166666150093,0.999044418334961,0.995943204868154,491
"3","{service=b'http',num_compromised=0} => {label=1}",0.120611108839512,0.99404764175415,0.950757575757576,251
"4","{dst_host_srv_rerror_rate=0,protocol_type=b'tcp',serror_rate=[-Inf;0.9]} => {label=1}",0.132777780294418,0.977105498313904,0.685714285714286,120
"5","{} => {label=0}",0.807611107826233,0.807611107826233,0.999654481376546,14466
