"","rules","support","confidence","orderedConf","orderedSupp"
"1","{service=b'http',flag=b'SF',num_compromised=0} => {label=1}",0.109555557370186,1,1,1972
"2","{duration=[0;59],src_bytes=[29;333]} => {label=1}",0.135222226381302,0.999179005622864,0.996875,638
"3","{dst_bytes=[4;2182]} => {label=1}",0.115944445133209,0.998564600944519,0.996330275229358,543
"4","{X=[11532;39708]} => {label=1}",0.0554444454610348,0.99501496553421,0.896551724137931,26
"5","{flag=b'SF',protocol_type=b'tcp',dst_host_same_src_port_rate=[0.01;0.99]} => {label=1}",0.0896666646003723,0.988970577716827,0.842105263157895,96
"6","{service=b'http',diff_srv_rate=[-Inf;0.05]} => {label=1}",0.11994444578886,0.965131878852844,0.753086419753086,183
"7","{} => {label=0}",0.807611107826233,0.807611107826233,0.999654146780107,14452
