"","rules","support","confidence","orderedConf","orderedSupp"
"1","{src_bytes=[-Inf;1],dst_host_srv_rerror_rate=0} => {label=0}",0.176555559039116,0.99937105178833,0.99937106918239,3178
"2","{src_bytes=[29;333],srv_serror_rate=[0;0.33]} => {label=1}",0.145111113786697,0.999234914779663,0.999234889058914,2612
"3","{dst_bytes=[4;2182]} => {label=1}",0.116277776658535,0.998568713665009,0.997938144329897,484
"4","{num_compromised=0,service=b'http',serror_rate=[-Inf;0.99]} => {label=1}",0.121222220361233,0.996347010135651,0.968253968253968,244
"5","{num_compromised=0,count=[-Inf;39],dst_host_same_src_port_rate=[0.01;0.99]} => {label=1}",0.117277778685093,0.984149158000946,0.893129770992366,117
"6","{} => {label=0}",0.807611107826233,0.807611107826233,0.999647204092433,11334
