"","rules","support","confidence","orderedConf","orderedSupp"
"1","{src_bytes=[-Inf;8],same_srv_rate=[-Inf;0.99]} => {label=0}",0.219111114740372,1,1,3944
"2","{src_bytes=[29;333]} => {label=1}",0.143888890743256,0.998843014240265,0.998843038951022,2590
"3","{dst_bytes=[4;2174]} => {label=1}",0.116444446146488,0.998095214366913,0.997983870967742,495
"4","{service=b'http',num_compromised=0} => {label=1}",0.120166666805744,0.994940221309662,0.984674329501916,257
"5","{serror_rate=[-Inf;0.99],dst_host_count=[8;254]} => {label=1}",0.0971111133694649,0.975991070270538,0.74468085106383,105
"6","{} => {label=0}",0.807611107826233,0.807611107826233,0.998485565546616,10549
