"","rules","support","confidence","orderedConf","orderedSupp"
"1","{src_bytes=[29;333],dst_host_srv_rerror_rate=[0;0.89]} => {label=1}",0.145333334803581,0.999617874622345,0.99961788307222,2616
"2","{flag=b'SF',dst_bytes=[4;2182]} => {label=1}",0.116166666150093,0.999044418334961,0.995859213250518,481
"3","{service=b'http',num_compromised=0,diff_srv_rate=[-Inf;0.05]} => {label=1}",0.120555557310581,0.998619437217712,0.987854251012146,244
"4","{srv_serror_rate=[0;0.33],dst_host_same_src_port_rate=[0.01;0.99]} => {label=1}",0.118555553257465,0.964737772941589,0.612244897959184,120
"5","{} => {label=0}",0.807555556297302,0.807555556297302,0.999792488068064,14454
