"","rules","support","confidence","orderedConf","orderedSupp"
"1","{flag=b'S0'} => {label=0}",0.175500005483627,1,1,3159
"2","{src_bytes=[29;333],dst_host_rerror_rate=[0;0.89]} => {label=1}",0.144222214818001,1,1,2596
"3","{dst_bytes=[4;2182],num_failed_logins=0} => {label=1}",0.115666665136814,0.999040305614471,0.995926680244399,489
"4","{service=b'http',num_compromised=0} => {label=1}",0.120999999344349,0.994520545005798,0.969348659003831,253
"5","{protocol_type=b'tcp',dst_host_same_src_port_rate=[0.01;0.99],dst_host_srv_rerror_rate=0} => {label=1}",0.0860555544495583,0.98725301027298,0.983050847457627,116
"6","{} => {label=0}",0.807611107826233,0.807611107826233,0.999208791208791,11366
