"","rules","support","confidence","orderedConf","orderedSupp"
"1","{src_bytes=[29;333],dst_host_serror_rate=[0;0.08]} => {label=1}",0.14472222328186,0.999616265296936,0.999616270145817,2605
"2","{dst_bytes=[4;2182],num_failed_logins=0} => {label=1}",0.116277776658535,0.99952244758606,0.997946611909651,486
"3","{duration=[0;1],service=b'http',num_compromised=0} => {label=1}",0.12049999833107,0.995410740375519,0.961389961389961,249
"4","{flag=b'SF',dst_host_same_src_port_rate=[0.01;0.99]} => {label=1}",0.109944447875023,0.969147920608521,0.649717514124294,115
"5","{} => {label=0}",0.807611107826233,0.807611107826233,0.999447170202474,14463
