"","rules","support","confidence","orderedConf","orderedSupp"
"1","{src_bytes=[29;333],num_failed_logins=0} => {label=1}",0.143833339214325,0.999613881111145,0.9996138996139,2589
"2","{num_failed_logins=0,dst_bytes=[4;2182]} => {label=1}",0.115500003099442,0.999038934707642,0.995943204868154,491
"3","{service=b'http',num_compromised=0,srv_serror_rate=[0;0.14]} => {label=1}",0.120555557310581,0.997242629528046,0.97752808988764,261
"4","{protocol_type=b'icmp'} => {label=0}",0.577722251415253,0.994643688201904,0.999903846153846,10399
"5","{dst_host_srv_rerror_rate=0,dst_host_same_src_port_rate=[0.01;0.99]} => {label=1}",0.104611113667488,0.968123376369476,0.678571428571429,114
"6","{} => {label=0}",0.807611107826233,0.807611107826233,0.99828515433611,4075
