"","rules","support","confidence","orderedConf","orderedSupp"
"1","{src_bytes=[-Inf;42],diff_srv_rate=[0.01;0.36]} => {label=0}",0.215722218155861,1,1,3883
"2","{src_bytes=[29;333],dst_host_srv_serror_rate=[0;0.06]} => {label=1}",0.144277781248093,0.999615073204041,0.999615088529638,2597
"3","{flag=b'SF',dst_bytes=[4;2182]} => {label=1}",0.116055555641651,0.999043524265289,0.997959183673469,489
"4","{protocol_type=b'icmp',diff_srv_rate=[-Inf;0.2]} => {label=0}",0.577722251415253,0.99683666229248,0.999903846153846,10399
"5","{src_bytes=[-Inf;4],dst_host_srv_diff_host_rate=0} => {label=0}",0.220833331346512,0.996490359306335,0.884955752212389,100
"6","{service=b'http',num_compromised=0} => {label=1}",0.120611108839512,0.99404764175415,0.979423868312757,238
"7","{protocol_type=b'tcp',dst_host_same_src_port_rate=0} => {label=0}",0.221499994397163,0.821892380714417,0.973684210526316,74
"8","{} => {label=1}",0.192388892173767,0.192388892173767,0.624365482233503,123
