"","rules","support","confidence","orderedConf","orderedSupp"
"1","{flag=b'SF',dst_bytes=[4;2434]} => {label=1}",0.125851854681969,0.999411761760712,0.999411764705882,3398
"2","{src_bytes=[29;333],num_failed_logins=0} => {label=1}",0.148000001907349,0.999000012874603,0.997821350762527,1374
"3","{service=b'http',num_compromised=0,dst_host_diff_srv_rate=[0;0.01]} => {label=1}",0.126444444060326,0.99882972240448,0.990123456790123,401
"4","{serror_rate=[-Inf;0.58],protocol_type=b'tcp',dst_host_rerror_rate=0} => {label=1}",0.139740735292435,0.986405253410339,0.748743718592965,149
"5","{} => {label=0}",0.802037060260773,0.802037060260773,0.998936121004672,21596
