"","rules","support","confidence","orderedConf","orderedSupp"
"1","{dst_bytes=[4;2434],dst_host_rerror_rate=[0;0.89]} => {label=1}",0.126185178756714,0.999706566333771,0.999706572769953,3407
"2","{flag=b'SF',src_bytes=[29;333]} => {label=1}",0.148444443941116,0.999252080917358,0.998545454545455,1373
"3","{service=b'http',num_compromised=0,srv_serror_rate=[0;0.33]} => {label=1}",0.127370372414589,0.998548209667206,0.987373737373737,391
"4","{dst_host_srv_diff_host_rate=[0.01;0.09]} => {label=1}",0.0921851843595505,0.998395502567291,0.962616822429907,103
"5","{} => {label=0}",0.802037060260773,0.802037060260773,0.996730220134475,21643
