"","rules","support","confidence","orderedConf","orderedSupp"
"1","{src_bytes=[29;333],dst_host_srv_serror_rate=[0;0.01]} => {label=1}",0.147592589259148,0.99924772977829,0.999247743229689,3985
"2","{dst_bytes=[4;2434],num_failed_logins=0} => {label=1}",0.126666665077209,0.999123573303223,0.99748743718593,794
"3","{service=b'http',num_compromised=0,srv_serror_rate=[0;0.33]} => {label=1}",0.127333328127861,0.998547792434692,0.987531172069825,396
"4","{dst_host_srv_diff_host_rate=[0.01;0.09]} => {label=1}",0.0918518528342247,0.998389720916748,0.96078431372549,98
"5","{protocol_type=b'tcp',serror_rate=[-Inf;0.58],dst_host_rerror_rate=0} => {label=1}",0.140111118555069,0.986183524131775,0.547826086956522,63
"6","{} => {label=0}",0.802037060260773,0.802037060260773,0.999583294749514,21589
