"","rules","support","confidence","orderedConf","orderedSupp"
"1","{flag=b'SF',dst_bytes=[4;2434]} => {label=1}",0.126185178756714,0.999706566333771,0.999706572769953,3407
"2","{src_bytes=[29;333],num_failed_logins=0} => {label=1}",0.148592591285706,0.999252796173096,0.998550724637681,1378
"3","{service=b'http',num_compromised=0,diff_srv_rate=[-Inf;0.05]} => {label=1}",0.127518519759178,0.998260378837585,0.984886649874055,391
"4","{logged_in=1,dst_host_count=[3;254]} => {label=1}",0.0944444462656975,0.971428573131561,0.609625668449198,114
"5","{} => {label=0}",0.802037060260773,0.802037060260773,0.997457000184945,21573
