"","rules","support","confidence","orderedConf","orderedSupp"
"1","{diff_srv_rate=[-Inf;0.04],service=b'smtp'} => {label=1}",0.020888889208436,1,1,564
"2","{flag=b'SF',dst_bytes=[4;2434]} => {label=1}",0.126259252429008,0.999413669109344,0.999298491757278,2849
"3","{flag=b'SF',src_bytes=[29;333]} => {label=1}",0.147370368242264,0.998995721340179,0.997789240972734,1354
"4","{service=b'http',num_compromised=0,diff_srv_rate=[-Inf;0.05]} => {label=1}",0.127518519759178,0.99854987859726,0.987834549878346,406
"5","{src_bytes=[-Inf;1]} => {label=0}",0.222555562853813,0.950340032577515,0.99966716591779,6007
"6","{dst_host_diff_srv_rate=0} => {label=0}",0.575962960720062,0.818646013736725,0.999935674771645,15545
"7","{protocol_type=b'tcp'} => {label=1}",0.159037038683891,0.409654647111893,0.866666666666667,169
"8","{} => {label=0}",0.802037060260773,0.802037060260773,1,67
