"","rules","support","confidence","orderedConf","orderedSupp"
"1","{dst_bytes=[4;2434],dst_host_srv_rerror_rate=[0;0.49]} => {label=1}",0.125851854681969,0.999411761760712,0.999411764705882,3398
"2","{src_bytes=[29;333],dst_host_srv_serror_rate=[0;0.01]} => {label=1}",0.147481486201286,0.999247193336487,0.998545454545455,1373
"3","{service=b'http',num_compromised=0,serror_rate=[-Inf;0.99]} => {label=1}",0.12748147547245,0.998839259147644,0.98989898989899,392
"4","{dst_host_srv_diff_host_rate=[0.01;0.09]} => {label=1}",0.0930740758776665,0.998014271259308,0.952830188679245,101
"5","{protocol_type=b'icmp',diff_srv_rate=[-Inf;0.06]} => {label=0}",0.570481479167938,0.997022449970245,1,15400
"6","{src_bytes=[-Inf;1]} => {label=0}",0.222555562853813,0.951393306255341,0.99966716591779,6007
"7","{dst_host_diff_srv_rate=0} => {label=0}",0.575962960720062,0.817914068698883,0.987577639751553,159
"8","{} => {label=1}",0.19796296954155,0.19796296954155,0.503267973856209,77
