"","rules","support","confidence","orderedConf","orderedSupp"
"1","{src_bytes=[-Inf;1],dst_host_srv_diff_host_rate=0,dst_host_srv_rerror_rate=[0;0.01]} => {label=0}",0.176037043333054,0.999789655208588,0.999789650820362,4753
"2","{protocol_type=b'tcp',dst_host_srv_diff_host_rate=[0.01;0.09]} => {label=1}",0.0915555581450462,0.999191582202911,0.999191592562652,2472
"3","{dst_bytes=[4;2434],num_failed_logins=0} => {label=1}",0.125740736722946,0.999117136001587,0.9984,1872
"4","{flag=b'SF',src_bytes=[29;333]} => {label=1}",0.147629633545876,0.998997509479523,0.995348837209302,642
"5","{service=b'http'} => {label=1}",0.128222227096558,0.96086597442627,0.6875,286
"6","{} => {label=0}",0.802037060260773,0.802037060260773,0.995723449750535,16764
