"","rules","support","confidence","orderedConf","orderedSupp"
"1","{src_bytes=[-Inf;24],dst_bytes=[0;4],dst_host_srv_diff_host_rate=0} => {label=0}",0.222370371222496,0.996679961681366,0.99667994687915,6004
"2","{protocol_type=b'icmp'} => {label=0}",0.570407390594482,0.99644148349762,0.996441511387164,15401
"3","{service=b'private'} => {label=0}",0.209666669368744,0.938339114189148,0.118483412322275,50
"4","{dst_host_diff_srv_rate=0} => {label=0}",0.576037049293518,0.817847192287445,0.0466796332314532,168
"5","{} => {label=1}",0.19796296954155,0.19796296954155,0.978652434956638,1467
