"","rules","support","confidence","orderedConf","orderedSupp"
"1","{service=b'smtp',count=[-Inf;195]} => {label=1}",0.0207407400012016,1,1,560
"2","{service=b'http',num_compromised=0,diff_srv_rate=[-Inf;0.05]} => {label=1}",0.12777778506279,0.998552799224854,0.998552821997106,3450
"3","{dst_bytes=[4;2434]} => {label=1}",0.125703707337379,0.998528957366943,0.994394618834081,887
"4","{src_bytes=[29;333]} => {label=1}",0.148333325982094,0.998504102230072,0.98936170212766,279
"5","{} => {label=0}",0.802037060260773,0.802037060260773,0.992251616156985,21642
