"","rules","support","confidence","orderedConf","orderedSupp"
"1","{dst_bytes=[2453;7291]} => {label=1}",0.0249629635363817,1,1,674
"2","{flag=b'SF',dst_bytes=[4;2434],diff_srv_rate=[-Inf;0.46]} => {label=1}",0.123666666448116,0.999700605869293,0.999700598802395,3339
"3","{src_bytes=[29;333]} => {label=1}",0.148185178637505,0.998751878738403,0.995,796
"4","{service=b'http',num_compromised=0} => {label=1}",0.128000006079674,0.99481862783432,0.950413223140496,345
"5","{} => {label=0}",0.801999986171722,0.801999986171722,0.991201942904275,21631
