"","rules","support","confidence","orderedConf","orderedSupp"
"1","{flag=b'S0',dst_host_srv_diff_host_rate=0} => {label=0}",0.175074070692062,1,1,4727
"2","{dst_bytes=[2453;7291]} => {label=1}",0.0249629635363817,1,1,674
"3","{flag=b'SF',dst_bytes=[4;2434],diff_srv_rate=[-Inf;0.46]} => {label=1}",0.123666666448116,0.999700605869293,0.999700598802395,3339
"4","{src_bytes=[29;333]} => {label=1}",0.148185178637505,0.998751878738403,0.995,796
"5","{service=b'http',num_compromised=0} => {label=1}",0.128000006079674,0.99481862783432,0.985714285714286,345
"6","{} => {label=0}",0.801999986171722,0.801999986171722,0.988777836226547,16917
