"","rules","support","confidence","orderedConf","orderedSupp"
"1","{dst_bytes=[4;2434],dst_host_srv_rerror_rate=[0;0.49]} => {label=1}",0.125407412648201,0.999409675598145,0.999409681227863,3386
"2","{src_bytes=[29;333],num_failed_logins=0} => {label=1}",0.148000001907349,0.999000012874603,0.997838616714697,1385
"3","{service=b'http',num_compromised=0,dst_host_diff_srv_rate=[0;0.01]} => {label=1}",0.126444444060326,0.99882972240448,0.990147783251232,402
"4","{count=[-Inf;8],dst_host_same_srv_rate=[0.44;0.99]} => {label=1}",0.0416666679084301,0.992939114570618,0.833333333333333,35
"5","{logged_in=1,dst_host_same_src_port_rate=[0.01;0.34]} => {label=1}",0.0871481448411942,0.982053399085999,0.592233009708738,61
"6","{} => {label=0}",0.802037060260773,0.802037060260773,0.996493332718129,21597
