"","rules","support","confidence","orderedConf","orderedSupp"
"1","{protocol_type=b'icmp',diff_srv_rate=[-Inf;0.06]} => {label=0}",0.570481479167938,0.997022449970245,0.997022461000712,15403
"2","{src_bytes=[-Inf;1]} => {label=0}",0.222555562853813,0.951393306255341,0.951393286890437,6009
"3","{dst_host_diff_srv_rate=0} => {label=0}",0.575962960720062,0.817914068698883,0.049636803874092,164
"4","{} => {label=1}",0.19796296954155,0.19796296954155,0.959088555152771,1852
