"","rules","support","confidence","orderedConf","orderedSupp"
"1","{protocol_type=b'tcp',dst_host_srv_diff_host_rate=[0.01;0.09]} => {label=1}",0.0902592614293098,0.999180018901825,0.999179991799918,2437
"2","{src_bytes=[29;333],dst_host_srv_rerror_rate=[0;0.91]} => {label=1}",0.148148149251938,0.999001026153564,0.998230088495575,2256
"3","{service=b'http',num_compromised=0,diff_srv_rate=[-Inf;0.05]} => {label=1}",0.127629622817039,0.9985511302948,0.986595174262735,368
"4","{dst_bytes=[4;2434]} => {label=1}",0.126407414674759,0.998537182807922,0.981132075471698,208
"5","{protocol_type=b'tcp',dst_host_srv_rerror_rate=0,flag=b'SF'} => {label=1}",0.139555558562279,0.98227322101593,0.522388059701492,70
"6","{} => {label=0}",0.802037060260773,0.802037060260773,0.999721990547679,21576
