"","rules","support","confidence","orderedConf","orderedSupp"
"1","{protocol_type=b'tcp',dst_host_srv_diff_host_rate=[0.01;0.09]} => {label=1}",0.0901481509208679,0.999589323997498,0.99958932238193,2434
"2","{dst_bytes=[4;2434],dst_host_srv_rerror_rate=[0;0.49]} => {label=1}",0.126259252429008,0.999413669109344,0.998942917547569,1890
"3","{src_bytes=[29;333],num_failed_logins=0} => {label=1}",0.148222222924232,0.999001502990723,0.995495495495496,663
"4","{service=b'http',num_compromised=0,serror_rate=[-Inf;0.99]} => {label=1}",0.12748147547245,0.998549461364746,0.982993197278912,289
"5","{} => {label=0}",0.802037060260773,0.802037060260773,0.996822180260673,21644
