"","rules","support","confidence","orderedConf","orderedSupp"
"1","{dst_bytes=[4;2448],dst_host_serror_rate=[0;0.03]} => {label=1}",0.123694442212582,0.999775469303131,0.999775482712169,4453
"2","{flag=b'SF',src_bytes=[29;333]} => {label=1}",0.147166669368744,0.999245584011078,0.997843665768194,1851
"3","{service=b'http',hot=[-Inf;1],diff_srv_rate=[-Inf;0.04]} => {label=1}",0.123888887465,0.999103963375092,0.992277992277992,514
"4","{dst_bytes=[2456;8312]} => {label=1}",0.0269722230732441,0.99589741230011,0.833333333333333,10
"5","{src_bytes=[-Inf;1]} => {label=0}",0.224222227931023,0.952560782432556,0.999256965944272,8069
"6","{protocol_type=b'tcp'} => {label=1}",0.154472216963768,0.400792807340622,0.493852459016393,241
"7","{} => {label=0}",0.803472220897675,0.803472220897675,1,20598
