"","rules","support","confidence","orderedConf","orderedSupp"
"1","{dst_bytes=[4;2071],dst_host_serror_rate=[0;0.03]} => {label=1}",0.117583334445953,1,1,4233
"2","{dst_host_serror_rate=[0;0.03],src_bytes=[29;333]} => {label=1}",0.147361114621162,0.99943482875824,0.998524348253812,2030
"3","{diff_srv_rate=[-Inf;0.04],service=b'http',num_compromised=0} => {label=1}",0.124083332717419,0.999105334281921,0.994525547445255,545
"4","{src_bytes=[-Inf;1]} => {label=0}",0.224305555224419,0.953252255916595,0.999381111523703,8074
"5","{service=b'private'} => {label=0}",0.210583329200745,0.929613709449768,1,58
"6","{num_failed_logins=0,hot=[-Inf;1]} => {label=1}",0.195555552840233,0.19684599339962,0.0119030477561795,248
"7","{} => {label=0}",0.803472220897675,0.803472220897675,0.934579439252336,200
