"","rules","support","confidence","orderedConf","orderedSupp"
"1","{dst_bytes=[4;2071],dst_host_serror_rate=[0;0.03]} => {label=1}",0.117722220718861,1,1,4238
"2","{src_bytes=[29;333],dst_host_srv_rerror_rate=[0;0.93]} => {label=1}",0.147222220897675,0.999245822429657,0.998051631758402,2049
"3","{service=b'http',hot=[-Inf;1]} => {label=1}",0.12469444423914,0.996227264404297,0.969369369369369,538
"4","{dst_bytes=[2452;8312]} => {label=1}",0.0269722230732441,0.99589741230011,0.833333333333333,10
"5","{hot=[-Inf;1],protocol_type=b'tcp',flag=b'SF'} => {label=1}",0.14274999499321,0.989030003547668,0.809859154929577,230
"6","{} => {label=0}",0.803472220897675,0.803472220897675,0.999653475639337,28848
