"","rules","support","confidence","orderedConf","orderedSupp"
"1","{flag=b'S0'} => {label=0}",0.177611112594604,0.999374806880951,0.999374804626446,6394
"2","{src_bytes=[29;333]} => {label=1}",0.148055553436279,0.998127341270447,0.99812734082397,5330
"3","{dst_bytes=[4;2043]} => {label=1}",0.117749996483326,0.998116314411163,0.997929606625259,964
"4","{dst_bytes=[2456;8312]} => {label=1}",0.0274722222238779,0.99597179889679,0.97,97
"5","{protocol_type=b'icmp'} => {label=0}",0.570444464683533,0.995250582695007,1,20536
"6","{dst_host_srv_diff_host_rate=[0.01;0.08]} => {label=1}",0.0889166668057442,0.995026409626007,0.974576271186441,230
"7","{dst_host_same_srv_rate=[0.6;0.99]} => {label=1}",0.0391111113131046,0.989458918571472,0.888888888888889,24
"8","{X=[74064;91610]} => {label=1}",0.0341111123561859,0.966168344020844,0.728260869565217,67
"9","{} => {label=0}",0.803472220897675,0.803472220897675,0.844251626898048,1946
