"","rules","support","confidence","orderedConf","orderedSupp"
"1","{flag=b'S0'} => {label=0}",0.177444443106651,0.999530613422394,0.999530589892036,6388
"2","{src_bytes=[29;333]} => {label=1}",0.147388890385628,0.998118877410889,0.998118886380737,5306
"3","{dst_bytes=[4;2043]} => {label=1}",0.117916665971279,0.997884333133698,0.996984924623116,992
"4","{dst_bytes=[2452;8312]} => {label=1}",0.0269722230732441,0.99589741230011,0.969387755102041,95
"5","{dst_host_srv_diff_host_rate=[0.01;0.08]} => {label=1}",0.0894444435834885,0.995363235473633,0.948717948717949,222
"6","{protocol_type=b'icmp'} => {label=0}",0.570583343505859,0.995107054710388,1,20534
"7","{dst_host_same_srv_rate=[0.39;0.99]} => {label=1}",0.0469166673719883,0.980266988277435,0.754385964912281,43
"8","{service=b'private'} => {label=0}",0.210638895630836,0.929744958877563,1,1568
"9","{} => {label=1}",0.196527779102325,0.196527779102325,0.513011152416357,414
