"","rules","support","confidence","orderedConf","orderedSupp"
"1","{protocol_type=b'icmp'} => {label=0}",0.570500016212463,0.995106339454651,0.995106352051941,20538
"2","{src_bytes=[-Inf;1]} => {label=0}",0.224305555224419,0.953139781951904,0.953139754485364,8075
"3","{service=b'private'} => {label=0}",0.210666671395302,0.930323839187622,0.0940988835725678,59
"4","{dst_host_diff_srv_rate=0} => {label=0}",0.576083362102509,0.822780311107635,0.0518901150504813,221
"5","{} => {label=1}",0.19650000333786,0.19650000333786,0.983524712930604,1970
