"","rules","support","confidence","orderedConf","orderedSupp"
"1","{dst_bytes=[4;2071],dst_host_serror_rate=[0;0.03]} => {label=1}",0.118333332240582,1,1,4260
"2","{src_bytes=[29;333],num_failed_logins=0} => {label=1}",0.147666662931442,0.999248147010803,0.998029556650246,2026
"3","{dst_bytes=[2456;8312]} => {label=1}",0.026861110702157,0.996907234191895,0.979381443298969,95
"4","{num_compromised=0,service=b'http'} => {label=1}",0.124277777969837,0.99599289894104,0.964989059080963,441
"5","{is_guest_login=0,protocol_type=b'tcp',hot=[-Inf;1]} => {label=1}",0.153361111879349,0.404676377773285,0.0298096492278223,249
"6","{} => {label=0}",0.803472220897675,0.803472220897675,0.999807720040379,20799
