"","rules","support","confidence","orderedConf","orderedSupp"
"1","{dst_bytes=[4;2071],dst_host_serror_rate=[0;0.03]} => {label=1}",0.118055552244186,1,1,4250
"2","{src_bytes=[29;110],num_access_files=0} => {label=1}",0.0302777774631977,1,1,282
"3","{src_bytes=[128;333]} => {label=1}",0.117805555462837,0.999764263629913,0.999431171786121,1757
"4","{service=b'http',hot=[-Inf;1],serror_rate=[-Inf;0.77]} => {label=1}",0.124833330512047,0.998444795608521,0.987108655616943,536
"5","{dst_bytes=[2456;8312]} => {label=1}",0.026916665956378,0.996913552284241,0.846153846153846,11
"6","{flag=b'SF',hot=[-Inf;1],protocol_type=b'tcp'} => {label=1}",0.141972228884697,0.988970577716827,0.801418439716312,226
"7","{} => {label=0}",0.803472220897675,0.803472220897675,0.999549736769188,28859
