"","rules","support","confidence","orderedConf","orderedSupp"
"1","{dst_bytes=[4;2448],dst_host_serror_rate=[0;0.03]} => {label=1}",0.123888887465,0.999775826931,0.999775835014571,4460
"2","{src_bytes=[29;333],num_failed_logins=0,dst_host_srv_rerror_rate=[0;0.93]} => {label=1}",0.147444441914558,0.999435126781464,0.998373983739837,1842
"3","{service=b'http',hot=[-Inf;1],diff_srv_rate=[-Inf;0.04]} => {label=1}",0.124083332717419,0.999105334281921,0.992307692307692,516
"4","{dst_bytes=[2456;8312]} => {label=1}",0.027138888835907,0.996938765048981,0.846153846153846,11
"5","{src_bytes=[-Inf;1]} => {label=0}",0.224305555224419,0.952802360057831,0.999257241891557,8072
"6","{hot=[-Inf;1],protocol_type=b'tcp'} => {label=1}",0.153361111879349,0.404706060886383,0.816326530612245,240
"7","{} => {label=0}",0.803472220897675,0.803472220897675,1,20789
