"","rules","support","confidence","orderedConf","orderedSupp"
"1","{dst_bytes=[4;2071],dst_host_serror_rate=[0;0.03]} => {label=1}",0.117805555462837,1,1,4241
"2","{src_bytes=[29;333],dst_host_srv_rerror_rate=[0;0.93]} => {label=1}",0.147555559873581,0.999059617519379,0.997550220480157,2036
"3","{dst_bytes=[2459;8243],root_shell=0} => {label=1}",0.0268055554479361,0.998964786529541,0.989795918367347,97
"4","{service=b'http',hot=[-Inf;1]} => {label=1}",0.123916663229465,0.996648788452148,0.96969696969697,448
"5","{flag=b'SF',protocol_type=b'tcp',is_guest_login=0} => {label=1}",0.141833335161209,0.957434833049774,0.520430107526882,242
"6","{} => {label=0}",0.803472220897675,0.803472220897675,0.999616631234099,28682
