"","rules","support","confidence","orderedConf","orderedSupp"
"1","{dst_bytes=[4;2186]} => {label=1}",0.121822223067284,0.997997462749481,0.997997451301657,5482
"2","{srv_diff_host_rate=[0.01;0.27]} => {label=1}",0.0384888872504234,0.997695863246918,0.992957746478873,564
"3","{dst_host_srv_diff_host_rate=[0.01;0.06]} => {label=1}",0.0847999975085258,0.997386276721954,0.992671009771987,1219
"4","{src_bytes=[29;333]} => {label=1}",0.150133326649666,0.997342765331268,0.991141732283465,1007
"5","{service=b'http'} => {label=1}",0.12613333761692,0.958621859550476,0.667125171939477,485
"6","{} => {label=0}",0.802511096000671,0.802511096000671,0.996385676156584,35838
