"","rules","support","confidence","orderedConf","orderedSupp"
"1","{X=[26813;39713]} => {label=1}",0.0250888895243406,1,1,1129
"2","{dst_bytes=[4;2052]} => {label=1}",0.119022220373154,0.997950434684753,0.997662558436039,4695
"3","{dst_host_srv_diff_host_rate=[0.01;0.06]} => {label=1}",0.0852888897061348,0.997919917106628,0.99411331861663,1351
"4","{src_bytes=[29;333]} => {label=1}",0.14924444258213,0.997475147247314,0.992571959145775,1069
"5","{dst_bytes=[2454;8275]} => {label=1}",0.027533333748579,0.992788434028625,0.868852459016393,53
"6","{service=b'http'} => {label=1}",0.125866666436195,0.958051443099976,0.658156028368794,464
"7","{} => {label=0}",0.802533328533173,0.802533328533173,0.996524205433362,35838
