"","rules","support","confidence","orderedConf","orderedSupp"
"1","{X=[26813;39713]} => {label=1}",0.0254222229123116,1,1,1144
"2","{dst_bytes=[4;2052]} => {label=1}",0.119355551898479,0.998327136039734,0.998089171974522,4701
"3","{src_bytes=[29;333]} => {label=1}",0.149599999189377,0.997481107711792,0.995821727019499,2145
"4","{dst_host_srv_diff_host_rate=[0.01;0.07]} => {label=1}",0.0879333317279816,0.996223568916321,0.952681388012618,302
"5","{count=[6;22]} => {label=1}",0.0620222240686417,0.963743090629578,0.460732984293194,88
"6","{service=b'http'} => {label=1}",0.125977784395218,0.958086848258972,0.64741641337386,426
"7","{} => {label=0}",0.802533328533173,0.802533328533173,0.997766984871323,35746
