"","rules","support","confidence","orderedConf","orderedSupp"
"1","{X=[26813;39713]} => {label=1}",0.0253111105412245,1,1,1139
"2","{dst_bytes=[4;2052]} => {label=1}",0.11879999935627,0.998132944107056,0.997866439086836,4677
"3","{srv_diff_host_rate=[0.01;0.27]} => {label=1}",0.0377555564045906,0.997651219367981,0.991718426501035,479
"4","{src_bytes=[29;333]} => {label=1}",0.149333328008652,0.997328579425812,0.994249568717654,1729
"5","{dst_host_srv_diff_host_rate=[0.01;0.07]} => {label=1}",0.0875777751207352,0.996208310127258,0.950530035335689,269
"6","{dst_bytes=[2454;8291]} => {label=1}",0.0275777783244848,0.993594884872437,0.837209302325581,36
"7","{X=[11498;39713]} => {label=1}",0.0551555566489697,0.988057315349579,0.310344827586207,9
"8","{service=b'http'} => {label=1}",0.125866666436195,0.958537817001343,0.652366863905325,441
"9","{} => {label=0}",0.802511096000671,0.802511096000671,0.996993402188135,35813
