"","rules","support","confidence","orderedConf","orderedSupp"
"1","{X=[26813;39713]} => {label=1}",0.0254888888448477,1,1,1147
"2","{dst_bytes=[4;2052]} => {label=1}",0.119066663086414,0.99813711643219,0.997872340425532,4690
"3","{src_bytes=[29;333]} => {label=1}",0.149644449353218,0.997481882572174,0.995848708487085,2159
"4","{dst_host_srv_diff_host_rate=[0.01;0.08]} => {label=1}",0.0890888869762421,0.996272385120392,0.951923076923077,297
"5","{dst_bytes=[17;8291]} => {label=1}",0.152622222900391,0.992915987968445,0.604166666666667,58
"6","{service=b'http'} => {label=1}",0.125733330845833,0.958495676517487,0.638846737481032,421
"7","{} => {label=0}",0.802511096000671,0.802511096000671,0.996798262709505,35803
