"","rules","support","confidence","orderedConf","orderedSupp"
"1","{X=[26813;39710]} => {label=1}",0.025955555960536,1,1,1168
"2","{dst_bytes=[4;2052]} => {label=1}",0.119333334267139,0.99832683801651,0.998083067092652,4686
"3","{src_bytes=[29;333]} => {label=1}",0.149800002574921,0.997336864471436,0.995374653098982,2152
"4","{dst_host_srv_diff_host_rate=[0.01;0.07]} => {label=1}",0.088688887655735,0.99675327539444,0.955932203389831,282
"5","{count=[6;21]} => {label=1}",0.0600666664540768,0.964323937892914,0.46448087431694,85
"6","{dst_host_count=[3;254]} => {label=1}",0.109511114656925,0.959501564502716,0.670433145009416,356
"7","{} => {label=0}",0.802533328533173,0.802533328533173,0.995634766168048,35809
