"","rules","support","confidence","orderedConf","orderedSupp"
"1","{srv_diff_host_rate=[0.01;0.27]} => {label=1}",0.0385333336889744,0.998272895812988,0.998272884283247,1734
"2","{dst_bytes=[4;2052]} => {label=1}",0.119133330881596,0.998138129711151,0.997639839509087,4227
"3","{src_bytes=[29;333]} => {label=1}",0.149577781558037,0.997480750083923,0.995570866141732,2023
"4","{dst_host_srv_diff_host_rate=[0.01;0.07]} => {label=1}",0.0878888890147209,0.996975064277649,0.960912052117264,295
"5","{dst_host_count=[3;175]} => {label=1}",0.0948000028729439,0.963197112083435,0.722330097087379,372
"6","{service=b'http'} => {label=1}",0.125311106443405,0.958036005496979,0.479674796747967,177
"7","{} => {label=0}",0.802511096000671,0.802511096000671,0.998352093399994,35744
