"","rules","support","confidence","orderedConf","orderedSupp"
"1","{dst_bytes=[4;2052]} => {label=1}",0.118755556643009,0.998132228851318,0.99813223757938,5344
"2","{src_bytes=[29;333]} => {label=1}",0.150133326649666,0.997490048408508,0.996519721577726,2577
"3","{dst_host_srv_diff_host_rate=[0.01;0.08]} => {label=1}",0.0898222252726555,0.996548295021057,0.961432506887052,349
"4","{dst_bytes=[17;8291]} => {label=1}",0.152533337473869,0.992768287658691,0.663793103448276,77
"5","{dst_host_count=[3;254]} => {label=1}",0.109466664493084,0.959112167358398,0.682395644283122,376
"6","{} => {label=0}",0.802533328533173,0.802533328533173,0.995475992228698,35867
