"","rules","support","confidence","orderedConf","orderedSupp"
"1","{dst_bytes=[180;2052]} => {label=1}",0.0845111086964607,1,1,3803
"2","{dst_bytes=[4;178]} => {label=1}",0.0347777791321278,0.998723685741425,0.998723675813657,1565
"3","{src_bytes=[29;333]} => {label=1}",0.149866670370102,0.997780740261078,0.994136043784206,2543
"4","{dst_host_srv_diff_host_rate=[0.01;0.07]} => {label=1}",0.0877555534243584,0.996467351913452,0.958944281524927,327
"5","{dst_bytes=[17;8291]} => {label=1}",0.152777776122093,0.993066608905792,0.685950413223141,83
"6","{service=b'http'} => {label=1}",0.126466661691666,0.958242118358612,0.65166908563135,449
"7","{dst_host_count=[3;254]} => {label=1}",0.108777776360512,0.957363605499268,0.438775510204082,86
"8","{} => {label=0}",0.802511096000671,0.802511096000671,0.999132260321903,35694
