"","rules","support","confidence","lift","laplace"
"1","{SPIDERS=no,ALBUMIN=(3.86102362204; Inf]} => {Class=LIVE}",0.407142857142857,1,1.26126126126126,0.983050847457627
"2","{ALBUMIN=(3.86102362204; Inf]} => {Class=LIVE}",0.521428571428571,0.960526315789474,1.21147463252726,0.948717948717949
"3","{SEX=male} => {Class=LIVE}",0.107142857142857,1,1.26126126126126,0.941176470588235
"4","{FATIGUE=no} => {Class=LIVE}",0.328571428571429,0.958333333333333,1.20870870870871,0.94
"5","{ASCITES=yes,VARICES=yes,ALBUMIN=[-Inf;3.86102362204]} => {Class=DIE}",0.05,1,4.82758620689655,0.888888888888889
"6","{SPLEEN_PALPABLE=yes,BILIRUBIN=(1.35; Inf],ALBUMIN=[-Inf;3.86102362204]} => {Class=DIE}",0.0714285714285714,0.909090909090909,4.38871473354232,0.846153846153846
"7","{ASCITES=yes} => {Class=DIE}",0.0928571428571429,0.722222222222222,3.48659003831418,0.7
"8","{PROTIME=[-Inf;44.5]} => {Class=DIE}",0.0857142857142857,0.6,2.89655172413793,0.590909090909091
"9","{} => {Class=LIVE}",0,0,0,0
