"","rules","support","confidence","lift","laplace"
"1","{SPIDERS=no,ALBUMIN=(3.86532258065; Inf]} => {Class=LIVE}",0.434782608695652,1,1.25454545454545,0.983870967741935
"2","{FATIGUE=no} => {Class=LIVE}",0.355072463768116,0.96078431372549,1.20534759358289,0.943396226415094
"3","{SEX=male} => {Class=LIVE}",0.0942028985507246,1,1.25454545454545,0.933333333333333
"4","{ASCITES=yes,BILIRUBIN=(1.65; Inf],HISTOLOGY=yes} => {Class=DIE}",0.0579710144927536,1,4.92857142857143,0.9
"5","{ANOREXIA=no,SPIDERS=yes,BILIRUBIN=(1.65; Inf]} => {Class=DIE}",0.0434782608695652,1,4.92857142857143,0.875
"6","{PROTIME=[-Inf;44.5],HISTOLOGY=yes} => {Class=DIE}",0.0797101449275362,0.846153846153846,4.17032967032967,0.8
"7","{ASCITES=yes} => {Class=DIE}",0.101449275362319,0.7,3.45,0.681818181818182
"8","{SPIDERS=yes} => {Class=DIE}",0.144927536231884,0.476190476190476,2.3469387755102,0.477272727272727
"9","{} => {Class=LIVE}",0,0,0,0
