"","rules","support","confidence","lift","laplace"
"1","{petallength=[-Inf;2.45]} => {class=Iris-setosa}",0.333333333333333,1,3,0.958333333333333
"2","{petalwidth=[-Inf;0.8]} => {class=Iris-setosa}",0.333333333333333,1,3,0.958333333333333
"3","{sepallength=(6.15; Inf],petalwidth=(1.75; Inf]} => {class=Iris-virginica}",0.244444444444444,1,3,0.944444444444444
"4","{petallength=(5.15; Inf]} => {class=Iris-virginica}",0.237037037037037,1,3,0.942857142857143
"5","{petalwidth=(1.75; Inf]} => {class=Iris-virginica}",0.296296296296296,0.975609756097561,2.92682926829268,0.931818181818182
"6","{petallength=(2.45;4.75],petalwidth=(0.8;1.75]} => {class=Iris-versicolor}",0.288888888888889,0.975,2.925,0.930232558139535
"7","{petallength=(2.45;4.75]} => {class=Iris-versicolor}",0.288888888888889,0.975,2.925,0.930232558139535
"8","{petalwidth=(0.8;1.75]} => {class=Iris-versicolor}",0.325925925925926,0.897959183673469,2.69387755102041,0.865384615384615
"9","{} => {class=Iris-setosa}",0,0,0,0
