"","rules","support","confidence","lift","laplace"
"1","{petallength=[-Inf;2.45]} => {class=Iris-setosa}",0.333333333333333,1,3,0.958333333333333
"2","{petalwidth=[-Inf;0.8]} => {class=Iris-setosa}",0.333333333333333,1,3,0.958333333333333
"3","{petallength=(4.85; Inf],petalwidth=(1.75; Inf]} => {class=Iris-virginica}",0.288888888888889,1,3,0.952380952380952
"4","{sepallength=(5.55; Inf],petallength=(2.45;4.85],petalwidth=(0.8;1.75]} => {class=Iris-versicolor}",0.222222222222222,1,3,0.939393939393939
"5","{petalwidth=(1.75; Inf]} => {class=Iris-virginica}",0.296296296296296,0.975609756097561,2.92682926829268,0.931818181818182
"6","{petallength=(2.45;4.85]} => {class=Iris-versicolor}",0.311111111111111,0.954545454545454,2.86363636363636,0.914893617021277
"7","{petallength=(4.85; Inf]} => {class=Iris-virginica}",0.318518518518519,0.934782608695652,2.80434782608696,0.897959183673469
"8","{petalwidth=(0.8;1.75]} => {class=Iris-versicolor}",0.325925925925926,0.897959183673469,2.69387755102041,0.865384615384615
"9","{} => {class=Iris-setosa}",0,0,0,0
